Alert ID,Ticker,Description,Time
261018985,"BINANCE:KEEPUSDTPERP, 15m",ticker:KEEPUSDTPERP;interval:15;buy:0;sell:0;buy_strong:1;sell_strong:0;close:0.4313;timenow:2021-08-24T08:36:59Z,2021-08-24T08:36:59.000Z
261019279,"BINANCE:YFIUSDTPERP, 15m",ticker:YFIUSDTPERP;interval:15;buy:0;sell:0;buy_strong:1;sell_strong:0;close:40270;timenow:2021-08-24T08:17:52Z,2021-08-24T08:17:52.000Z
261015309,"BINANCE:ALICEUSDTPERP, 15m",ticker:ALICEUSDTPERP;interval:15;buy:0;sell:0;buy_strong:1;sell_strong:0;close:17.532;timenow:2021-08-24T08:15:58Z,2021-08-24T08:15:58.000Z
261018985,"BINANCE:KEEPUSDTPERP, 15m",ticker:KEEPUSDTPERP;interval:15;buy:0;sell:0;buy_strong:1;sell_strong:0;close:0.4315;timenow:2021-08-24T08:15:07Z,2021-08-24T08:15:07.000Z
261018539,"BINANCE:BALUSDTPERP, 15m",ticker:BALUSDTPERP;interval:15;buy:0;sell:0;buy_strong:1;sell_strong:0;close:30.838;timenow:2021-08-24T08:11:44Z,2021-08-24T08:11:44.000Z
261016998,"BINANCE:XLMUSDTPERP, 15m",ticker:XLMUSDTPERP;interval:15;buy:0;sell:0;buy_strong:1;sell_strong:0;close:0.38106;timenow:2021-08-24T08:11:29Z,2021-08-24T08:11:29.000Z
261016963,"BINANCE:1000SHIBUSDTPERP, 15m",ticker:1000SHIBUSDTPERP;interval:15;buy:0;sell:0;buy_strong:1;sell_strong:0;close:0.008224;timenow:2021-08-24T08:11:25Z,2021-08-24T08:11:25.000Z
261017758,"BINANCE:WAVESUSDTPERP, 15m",ticker:WAVESUSDTPERP;interval:15;buy:0;sell:0;buy_strong:1;sell_strong:0;close:25.964;timenow:2021-08-24T08:11:08Z,2021-08-24T08:11:08.000Z
261018985,"BINANCE:KEEPUSDTPERP, 15m",ticker:KEEPUSDTPERP;interval:15;buy:0;sell:0;buy_strong:1;sell_strong:0;close:0.4316;timenow:2021-08-24T08:03:22Z,2021-08-24T08:03:22.000Z
261016431,"BINANCE:UNIUSDTPERP, 15m",ticker:UNIUSDTPERP;interval:15;buy:0;sell:0;buy_strong:1;sell_strong:0;close:29.209;timenow:2021-08-24T08:02:18Z,2021-08-24T08:02:18.000Z
261016601,"BINANCE:VETUSDTPERP, 15m",ticker:VETUSDTPERP;interval:15;buy:0;sell:0;buy_strong:1;sell_strong:0;close:0.13251;timenow:2021-08-24T08:02:05Z,2021-08-24T08:02:05.000Z
261015309,"BINANCE:ALICEUSDTPERP, 15m",ticker:ALICEUSDTPERP;interval:15;buy:0;sell:0;buy_strong:1;sell_strong:0;close:17.536;timenow:2021-08-24T08:01:40Z,2021-08-24T08:01:40.000Z
261017678,"BINANCE:ALPHAUSDTPERP, 15m",ticker:ALPHAUSDTPERP;interval:15;buy:0;sell:0;buy_strong:1;sell_strong:0;close:1.1518;timenow:2021-08-24T08:01:17Z,2021-08-24T08:01:17.000Z
261019454,"BINANCE:SKLUSDTPERP, 15m",ticker:SKLUSDTPERP;interval:15;buy:0;sell:0;buy_strong:1;sell_strong:0;close:0.37638;timenow:2021-08-24T07:51:43Z,2021-08-24T07:51:43.000Z
261016731,"BINANCE:ALGOUSDTPERP, 15m",ticker:ALGOUSDTPERP;interval:15;buy:0;sell:0;buy_strong:1;sell_strong:0;close:1.1572;timenow:2021-08-24T07:48:07Z,2021-08-24T07:48:07.000Z
261015772,"BINANCE:ATOMUSDTPERP, 15m",ticker:ATOMUSDTPERP;interval:15;buy:0;sell:0;buy_strong:1;sell_strong:0;close:21.798;timenow:2021-08-24T07:47:59Z,2021-08-24T07:47:59.000Z
261016431,"BINANCE:UNIUSDTPERP, 15m",ticker:UNIUSDTPERP;interval:15;buy:0;sell:0;buy_strong:1;sell_strong:0;close:29.213;timenow:2021-08-24T07:45:43Z,2021-08-24T07:45:43.000Z
261018229,"BINANCE:BTTUSDTPERP, 15m",ticker:BTTUSDTPERP;interval:15;buy:0;sell:0;buy_strong:1;sell_strong:0;close:0.004521;timenow:2021-08-24T07:42:21Z,2021-08-24T07:42:21.000Z
261016601,"BINANCE:VETUSDTPERP, 15m",ticker:VETUSDTPERP;interval:15;buy:0;sell:0;buy_strong:1;sell_strong:0;close:0.13258;timenow:2021-08-24T07:38:59Z,2021-08-24T07:38:59.000Z
261018539,"BINANCE:BALUSDTPERP, 15m",ticker:BALUSDTPERP;interval:15;buy:0;sell:0;buy_strong:1;sell_strong:0;close:30.848;timenow:2021-08-24T07:35:10Z,2021-08-24T07:35:10.000Z
261015772,"BINANCE:ATOMUSDTPERP, 15m",ticker:ATOMUSDTPERP;interval:15;buy:0;sell:0;buy_strong:1;sell_strong:0;close:21.801;timenow:2021-08-24T07:30:00Z,2021-08-24T07:30:00.000Z
261015309,"BINANCE:ALICEUSDTPERP, 15m",ticker:ALICEUSDTPERP;interval:15;buy:0;sell:0;buy_strong:1;sell_strong:0;close:17.549;timenow:2021-08-24T07:25:12Z,2021-08-24T07:25:12.000Z
261016074,"BINANCE:TLMUSDTPERP, 15m",ticker:TLMUSDTPERP;interval:15;buy:0;sell:0;buy_strong:1;sell_strong:0;close:0.3023;timenow:2021-08-24T07:24:12Z,2021-08-24T07:24:12.000Z
261017375,"BINANCE:BZRXUSDTPERP, 15m",ticker:BZRXUSDTPERP;interval:15;buy:0;sell:0;buy_strong:1;sell_strong:0;close:0.4519;timenow:2021-08-24T07:21:28Z,2021-08-24T07:21:28.000Z
261018766,"BINANCE:ONEUSDTPERP, 15m",ticker:ONEUSDTPERP;interval:15;buy:0;sell:0;buy_strong:1;sell_strong:0;close:0.11599;timenow:2021-08-24T07:19:13Z,2021-08-24T07:19:13.000Z
261015772,"BINANCE:ATOMUSDTPERP, 15m",ticker:ATOMUSDTPERP;interval:15;buy:0;sell:0;buy_strong:1;sell_strong:0;close:21.8;timenow:2021-08-24T07:17:42Z,2021-08-24T07:17:42.000Z
261018457,"BINANCE:UNFIUSDTPERP, 15m",ticker:UNFIUSDTPERP;interval:15;buy:0;sell:0;buy_strong:1;sell_strong:0;close:14.931;timenow:2021-08-24T07:15:16Z,2021-08-24T07:15:16.000Z
261015185,"BINANCE:XRPUSDTPERP, 15m",ticker:XRPUSDTPERP;interval:15;buy:0;sell:0;buy_strong:1;sell_strong:0;close:1.2605;timenow:2021-08-24T07:13:48Z,2021-08-24T07:13:48.000Z
261015036,"BINANCE:ETHUSDTPERP, 15m",ticker:ETHUSDTPERP;interval:15;buy:0;sell:0;buy_strong:1;sell_strong:0;close:3356.5;timenow:2021-08-24T07:06:21Z,2021-08-24T07:06:21.000Z
261016040,"BINANCE:BCHUSDTPERP, 15m",ticker:BCHUSDTPERP;interval:15;buy:0;sell:0;buy_strong:1;sell_strong:0;close:681.72;timenow:2021-08-24T07:03:06Z,2021-08-24T07:03:06.000Z
261016282,"BINANCE:OCEANUSDTPERP, 15m",ticker:OCEANUSDTPERP;interval:15;buy:0;sell:0;buy_strong:1;sell_strong:0;close:0.96419;timenow:2021-08-24T07:00:17Z,2021-08-24T07:00:17.000Z
261015630,"BINANCE:EOSUSDTPERP, 15m",ticker:EOSUSDTPERP;interval:15;buy:0;sell:0;buy_strong:1;sell_strong:0;close:5.619;timenow:2021-08-24T06:59:24Z,2021-08-24T06:59:24.000Z
261016282,"BINANCE:OCEANUSDTPERP, 15m",ticker:OCEANUSDTPERP;interval:15;buy:0;sell:0;buy_strong:1;sell_strong:0;close:0.96428;timenow:2021-08-24T06:57:41Z,2021-08-24T06:57:41.000Z
261015813,"BINANCE:SANDUSDTPERP, 15m",ticker:SANDUSDTPERP;interval:15;buy:0;sell:0;buy_strong:1;sell_strong:0;close:0.67648;timenow:2021-08-24T06:54:47Z,2021-08-24T06:54:47.000Z
261016431,"BINANCE:UNIUSDTPERP, 15m",ticker:UNIUSDTPERP;interval:15;buy:0;sell:0;buy_strong:1;sell_strong:0;close:29.218;timenow:2021-08-24T06:48:33Z,2021-08-24T06:48:33.000Z
261016768,"BINANCE:SRMUSDTPERP, 15m",ticker:SRMUSDTPERP;interval:15;buy:0;sell:0;buy_strong:1;sell_strong:0;close:7.563;timenow:2021-08-24T06:48:23Z,2021-08-24T06:48:23.000Z
261019229,"BINANCE:LRCUSDTPERP, 15m",ticker:LRCUSDTPERP;interval:15;buy:1;sell:0;buy_strong:0;sell_strong:0;close:0.50424;timenow:2021-08-24T06:47:57Z,2021-08-24T06:47:57.000Z
261015002,"BINANCE:BTCUSDTPERP, 15m",ticker:BTCUSDTPERP;interval:15;buy:0;sell:0;buy_strong:1;sell_strong:0;close:49712.28;timenow:2021-08-24T06:45:05Z,2021-08-24T06:45:05.000Z
261015725,"BINANCE:FILUSDTPERP, 15m",ticker:FILUSDTPERP;interval:15;buy:1;sell:0;buy_strong:0;sell_strong:0;close:80;timenow:2021-08-24T06:39:13Z,2021-08-24T06:39:13.000Z
261017375,"BINANCE:BZRXUSDTPERP, 15m",ticker:BZRXUSDTPERP;interval:15;buy:0;sell:0;buy_strong:1;sell_strong:0;close:0.452;timenow:2021-08-24T06:38:53Z,2021-08-24T06:38:53.000Z
261018897,"BINANCE:EGLDUSDTPERP, 15m",ticker:EGLDUSDTPERP;interval:15;buy:0;sell:0;buy_strong:1;sell_strong:0;close:152.06;timenow:2021-08-24T06:35:02Z,2021-08-24T06:35:02.000Z
261015813,"BINANCE:SANDUSDTPERP, 15m",ticker:SANDUSDTPERP;interval:15;buy:0;sell:0;buy_strong:1;sell_strong:0;close:0.6766;timenow:2021-08-24T06:34:57Z,2021-08-24T06:34:57.000Z
261015002,"BINANCE:BTCUSDTPERP, 15m",ticker:BTCUSDTPERP;interval:15;buy:0;sell:0;buy_strong:1;sell_strong:0;close:49708.96;timenow:2021-08-24T06:33:11Z,2021-08-24T06:33:11.000Z
261018229,"BINANCE:BTTUSDTPERP, 15m",ticker:BTTUSDTPERP;interval:15;buy:0;sell:0;buy_strong:1;sell_strong:0;close:0.004523;timenow:2021-08-24T06:30:08Z,2021-08-24T06:30:08.000Z
261015813,"BINANCE:SANDUSDTPERP, 15m",ticker:SANDUSDTPERP;interval:15;buy:0;sell:0;buy_strong:1;sell_strong:0;close:0.67656;timenow:2021-08-24T06:25:34Z,2021-08-24T06:25:34.000Z
261019025,"BINANCE:NKNUSDTPERP, 15m",ticker:NKNUSDTPERP;interval:15;buy:0;sell:0;buy_strong:1;sell_strong:0;close:0.49507;timenow:2021-08-24T06:15:45Z,2021-08-24T06:15:45.000Z
261019025,"BINANCE:NKNUSDTPERP, 15m",ticker:NKNUSDTPERP;interval:15;buy:0;sell:0;buy_strong:1;sell_strong:0;close:0.49526;timenow:2021-08-24T06:14:15Z,2021-08-24T06:14:15.000Z
261016865,"BINANCE:TRXUSDTPERP, 15m",ticker:TRXUSDTPERP;interval:15;buy:0;sell:0;buy_strong:1;sell_strong:0;close:0.09062;timenow:2021-08-24T06:12:20Z,2021-08-24T06:12:20.000Z
261016642,"BINANCE:DENTUSDTPERP, 15m",ticker:DENTUSDTPERP;interval:15;buy:0;sell:0;buy_strong:1;sell_strong:0;close:0.00709;timenow:2021-08-24T06:08:31Z,2021-08-24T06:08:31.000Z
261017986,"BINANCE:RSRUSDTPERP, 15m",ticker:RSRUSDTPERP;interval:15;buy:1;sell:0;buy_strong:0;sell_strong:0;close:0.050415;timenow:2021-08-24T06:07:57Z,2021-08-24T06:07:57.000Z
261018644,"BINANCE:AKROUSDTPERP, 15m",ticker:AKROUSDTPERP;interval:15;buy:0;sell:0;buy_strong:1;sell_strong:0;close:0.0375;timenow:2021-08-24T06:06:32Z,2021-08-24T06:06:32.000Z
261017505,"BINANCE:CTKUSDTPERP, 15m",ticker:CTKUSDTPERP;interval:15;buy:0;sell:0;buy_strong:1;sell_strong:0;close:2.322;timenow:2021-08-24T05:55:47Z,2021-08-24T05:55:47.000Z
261015865,"BINANCE:RUNEUSDTPERP, 15m",ticker:RUNEUSDTPERP;interval:15;buy:0;sell:0;buy_strong:1;sell_strong:0;close:11.79;timenow:2021-08-24T05:46:37Z,2021-08-24T05:46:37.000Z
261018734,"BINANCE:BELUSDTPERP, 15m",ticker:BELUSDTPERP;interval:15;buy:0;sell:0;buy_strong:1;sell_strong:0;close:2.5784;timenow:2021-08-24T05:41:47Z,2021-08-24T05:41:47.000Z
261016114,"BINANCE:NEARUSDTPERP, 15m",ticker:NEARUSDTPERP;interval:15;buy:1;sell:0;buy_strong:0;sell_strong:0;close:5.534;timenow:2021-08-24T05:33:47Z,2021-08-24T05:33:47.000Z
261018419,"BINANCE:RVNUSDTPERP, 15m",ticker:RVNUSDTPERP;interval:15;buy:0;sell:0;buy_strong:1;sell_strong:0;close:0.14792;timenow:2021-08-24T05:32:38Z,2021-08-24T05:32:38.000Z
261018644,"BINANCE:AKROUSDTPERP, 15m",ticker:AKROUSDTPERP;interval:15;buy:0;sell:0;buy_strong:1;sell_strong:0;close:0.03749;timenow:2021-08-24T05:32:17Z,2021-08-24T05:32:17.000Z
261017186,"BINANCE:SXPUSDTPERP, 15m",ticker:SXPUSDTPERP;interval:15;buy:0;sell:0;buy_strong:1;sell_strong:0;close:3.8409;timenow:2021-08-24T05:32:14Z,2021-08-24T05:32:14.000Z
261017805,"BINANCE:LINAUSDTPERP, 15m",ticker:LINAUSDTPERP;interval:15;buy:0;sell:0;buy_strong:1;sell_strong:0;close:0.06479;timenow:2021-08-24T05:30:18Z,2021-08-24T05:30:18.000Z
261017505,"BINANCE:CTKUSDTPERP, 15m",ticker:CTKUSDTPERP;interval:15;buy:0;sell:0;buy_strong:1;sell_strong:0;close:2.322;timenow:2021-08-24T05:30:17Z,2021-08-24T05:30:17.000Z
261017805,"BINANCE:LINAUSDTPERP, 15m",ticker:LINAUSDTPERP;interval:15;buy:0;sell:0;buy_strong:1;sell_strong:0;close:0.06477;timenow:2021-08-24T05:28:11Z,2021-08-24T05:28:11.000Z
261018419,"BINANCE:RVNUSDTPERP, 15m",ticker:RVNUSDTPERP;interval:15;buy:0;sell:0;buy_strong:1;sell_strong:0;close:0.14794;timenow:2021-08-24T05:26:35Z,2021-08-24T05:26:35.000Z
261017186,"BINANCE:SXPUSDTPERP, 15m",ticker:SXPUSDTPERP;interval:15;buy:0;sell:0;buy_strong:1;sell_strong:0;close:3.8408;timenow:2021-08-24T05:22:47Z,2021-08-24T05:22:47.000Z
261017505,"BINANCE:CTKUSDTPERP, 15m",ticker:CTKUSDTPERP;interval:15;buy:0;sell:0;buy_strong:1;sell_strong:0;close:2.322;timenow:2021-08-24T05:20:32Z,2021-08-24T05:20:32.000Z
261018644,"BINANCE:AKROUSDTPERP, 15m",ticker:AKROUSDTPERP;interval:15;buy:0;sell:0;buy_strong:1;sell_strong:0;close:0.0375;timenow:2021-08-24T05:19:57Z,2021-08-24T05:19:57.000Z
261016114,"BINANCE:NEARUSDTPERP, 15m",ticker:NEARUSDTPERP;interval:15;buy:1;sell:0;buy_strong:0;sell_strong:0;close:5.5344;timenow:2021-08-24T05:18:12Z,2021-08-24T05:18:12.000Z
261019025,"BINANCE:NKNUSDTPERP, 15m",ticker:NKNUSDTPERP;interval:15;buy:1;sell:0;buy_strong:0;sell_strong:0;close:0.49509;timenow:2021-08-24T05:17:28Z,2021-08-24T05:17:28.000Z
261018812,"BINANCE:ZRXUSDTPERP, 15m",ticker:ZRXUSDTPERP;interval:15;buy:0;sell:0;buy_strong:1;sell_strong:0;close:1.1743;timenow:2021-08-24T05:11:05Z,2021-08-24T05:11:05.000Z
261016385,"BINANCE:FTMUSDTPERP, 15m",ticker:FTMUSDTPERP;interval:15;buy:0;sell:0;buy_strong:1;sell_strong:0;close:0.55993;timenow:2021-08-24T05:07:30Z,2021-08-24T05:07:30.000Z
261017505,"BINANCE:CTKUSDTPERP, 15m",ticker:CTKUSDTPERP;interval:15;buy:0;sell:0;buy_strong:1;sell_strong:0;close:2.322;timenow:2021-08-24T05:04:39Z,2021-08-24T05:04:39.000Z
261017186,"BINANCE:SXPUSDTPERP, 15m",ticker:SXPUSDTPERP;interval:15;buy:0;sell:0;buy_strong:1;sell_strong:0;close:3.8408;timenow:2021-08-24T05:00:34Z,2021-08-24T05:00:34.000Z
261018812,"BINANCE:ZRXUSDTPERP, 15m",ticker:ZRXUSDTPERP;interval:15;buy:0;sell:0;buy_strong:1;sell_strong:0;close:1.1741;timenow:2021-08-24T04:55:45Z,2021-08-24T04:55:45.000Z
261019077,"BINANCE:ZILUSDTPERP, 15m",ticker:ZILUSDTPERP;interval:15;buy:0;sell:0;buy_strong:1;sell_strong:0;close:0.1188;timenow:2021-08-24T04:55:12Z,2021-08-24T04:55:12.000Z
261016431,"BINANCE:UNIUSDTPERP, 15m",ticker:UNIUSDTPERP;interval:15;buy:0;sell:0;buy_strong:1;sell_strong:0;close:29.233;timenow:2021-08-24T04:51:57Z,2021-08-24T04:51:57.000Z
261019175,"BINANCE:BLZUSDTPERP, 15m",ticker:BLZUSDTPERP;interval:15;buy:0;sell:0;buy_strong:1;sell_strong:0;close:0.26676;timenow:2021-08-24T04:44:59Z,2021-08-24T04:44:59.000Z
261018591,"BINANCE:HOTUSDTPERP, 15m",ticker:HOTUSDTPERP;interval:15;buy:0;sell:0;buy_strong:1;sell_strong:0;close:0.011404;timenow:2021-08-24T04:41:27Z,2021-08-24T04:41:27.000Z
261017273,"BINANCE:1INCHUSDTPERP, 15m",ticker:1INCHUSDTPERP;interval:15;buy:0;sell:0;buy_strong:1;sell_strong:0;close:3.4394;timenow:2021-08-24T04:32:41Z,2021-08-24T04:32:41.000Z
261018812,"BINANCE:ZRXUSDTPERP, 15m",ticker:ZRXUSDTPERP;interval:15;buy:0;sell:0;buy_strong:1;sell_strong:0;close:1.1741;timenow:2021-08-24T04:05:51Z,2021-08-24T04:05:51.000Z
261017894,"BINANCE:HNTUSDTPERP, 15m",ticker:HNTUSDTPERP;interval:15;buy:0;sell:0;buy_strong:0;sell_strong:1;close:25.178;timenow:2021-08-24T04:00:41Z,2021-08-24T04:00:42.000Z
261018591,"BINANCE:HOTUSDTPERP, 15m",ticker:HOTUSDTPERP;interval:15;buy:0;sell:0;buy_strong:1;sell_strong:0;close:0.011404;timenow:2021-08-24T03:45:29Z,2021-08-24T03:45:29.000Z
261018812,"BINANCE:ZRXUSDTPERP, 15m",ticker:ZRXUSDTPERP;interval:15;buy:0;sell:0;buy_strong:1;sell_strong:0;close:1.1741;timenow:2021-08-24T03:31:08Z,2021-08-24T03:31:08.000Z
261019175,"BINANCE:BLZUSDTPERP, 15m",ticker:BLZUSDTPERP;interval:15;buy:0;sell:0;buy_strong:1;sell_strong:0;close:0.26677;timenow:2021-08-24T03:30:15Z,2021-08-24T03:30:15.000Z
261015083,"BINANCE:ADAUSDTPERP, 15m",ticker:ADAUSDTPERP;interval:15;buy:0;sell:0;buy_strong:0;sell_strong:1;close:2.8474;timenow:2021-08-24T02:36:37Z,2021-08-24T02:36:37.000Z
261015220,"BINANCE:AVAXUSDTPERP, 15m",ticker:AVAXUSDTPERP;interval:15;buy:0;sell:0;buy_strong:1;sell_strong:0;close:48.012;timenow:2021-08-24T02:20:51Z,2021-08-24T02:20:52.000Z
261019117,"BINANCE:ZENUSDTPERP, 15m",ticker:ZENUSDTPERP;interval:15;buy:0;sell:1;buy_strong:0;sell_strong:0;close:78.533;timenow:2021-08-24T02:00:01Z,2021-08-24T02:00:01.000Z
261019117,"BINANCE:ZENUSDTPERP, 15m",ticker:ZENUSDTPERP;interval:15;buy:0;sell:1;buy_strong:0;sell_strong:0;close:78.54;timenow:2021-08-24T01:59:14Z,2021-08-24T01:59:14.000Z
261017626,"BINANCE:NEOUSDTPERP, 15m",ticker:NEOUSDTPERP;interval:15;buy:0;sell:0;buy_strong:0;sell_strong:1;close:59.383;timenow:2021-08-24T01:20:54Z,2021-08-24T01:20:54.000Z
261018501,"BINANCE:BANDUSDTPERP, 15m",ticker:BANDUSDTPERP;interval:15;buy:0;sell:0;buy_strong:0;sell_strong:1;close:9.6927;timenow:2021-08-24T01:16:34Z,2021-08-24T01:16:34.000Z
261019390,"BINANCE:CVCUSDTPERP, 15m",ticker:CVCUSDTPERP;interval:15;buy:0;sell:0;buy_strong:0;sell_strong:1;close:0.36439;timenow:2021-08-24T01:16:00Z,2021-08-24T01:16:00.000Z
261019117,"BINANCE:ZENUSDTPERP, 15m",ticker:ZENUSDTPERP;interval:15;buy:0;sell:1;buy_strong:0;sell_strong:0;close:78.511;timenow:2021-08-24T01:15:31Z,2021-08-24T01:15:31.000Z
261018304,"BINANCE:RLCUSDTPERP, 15m",ticker:RLCUSDTPERP;interval:15;buy:0;sell:1;buy_strong:0;sell_strong:0;close:5.2432;timenow:2021-08-24T01:15:29Z,2021-08-24T01:15:29.000Z
261019117,"BINANCE:ZENUSDTPERP, 15m",ticker:ZENUSDTPERP;interval:15;buy:0;sell:1;buy_strong:0;sell_strong:0;close:78.501;timenow:2021-08-24T01:12:15Z,2021-08-24T01:12:15.000Z
261015951,"BINANCE:CHZUSDTPERP, 15m",ticker:CHZUSDTPERP;interval:15;buy:0;sell:0;buy_strong:0;sell_strong:1;close:0.39428;timenow:2021-08-24T01:11:45Z,2021-08-24T01:11:45.000Z
261018304,"BINANCE:RLCUSDTPERP, 15m",ticker:RLCUSDTPERP;interval:15;buy:0;sell:1;buy_strong:0;sell_strong:0;close:5.243;timenow:2021-08-24T01:06:29Z,2021-08-24T01:06:29.000Z
261016502,"BINANCE:ENJUSDTPERP, 15m",ticker:ENJUSDTPERP;interval:15;buy:0;sell:1;buy_strong:0;sell_strong:0;close:2.0632;timenow:2021-08-24T01:06:22Z,2021-08-24T01:06:22.000Z
261015083,"BINANCE:ADAUSDTPERP, 15m",ticker:ADAUSDTPERP;interval:15;buy:0;sell:0;buy_strong:0;sell_strong:1;close:2.8474;timenow:2021-08-24T01:06:18Z,2021-08-24T01:06:18.000Z
261018812,"BINANCE:ZRXUSDTPERP, 15m",ticker:ZRXUSDTPERP;interval:15;buy:0;sell:0;buy_strong:0;sell_strong:1;close:1.1334;timenow:2021-08-24T01:06:12Z,2021-08-24T01:06:12.000Z
261017894,"BINANCE:HNTUSDTPERP, 15m",ticker:HNTUSDTPERP;interval:15;buy:0;sell:0;buy_strong:0;sell_strong:1;close:25.134;timenow:2021-08-24T01:06:11Z,2021-08-24T01:06:11.000Z
261018501,"BINANCE:BANDUSDTPERP, 15m",ticker:BANDUSDTPERP;interval:15;buy:0;sell:0;buy_strong:0;sell_strong:1;close:9.6862;timenow:2021-08-24T01:06:11Z,2021-08-24T01:06:11.000Z
261015220,"BINANCE:AVAXUSDTPERP, 15m",ticker:AVAXUSDTPERP;interval:15;buy:0;sell:0;buy_strong:0;sell_strong:1;close:45.28;timenow:2021-08-24T01:05:58Z,2021-08-24T01:05:58.000Z
261015309,"BINANCE:ALICEUSDTPERP, 15m",ticker:ALICEUSDTPERP;interval:15;buy:0;sell:0;buy_strong:0;sell_strong:1;close:16.751;timenow:2021-08-24T01:05:56Z,2021-08-24T01:05:56.000Z
261016040,"BINANCE:BCHUSDTPERP, 15m",ticker:BCHUSDTPERP;interval:15;buy:0;sell:0;buy_strong:0;sell_strong:1;close:669.67;timenow:2021-08-24T01:05:40Z,2021-08-24T01:05:40.000Z
261019390,"BINANCE:CVCUSDTPERP, 15m",ticker:CVCUSDTPERP;interval:15;buy:0;sell:0;buy_strong:0;sell_strong:1;close:0.36447;timenow:2021-08-24T01:05:35Z,2021-08-24T01:05:35.000Z
261017232,"BINANCE:QTUMUSDTPERP, 15m",ticker:QTUMUSDTPERP;interval:15;buy:0;sell:0;buy_strong:0;sell_strong:1;close:13.595;timenow:2021-08-24T01:05:34Z,2021-08-24T01:05:34.000Z
261015185,"BINANCE:XRPUSDTPERP, 15m",ticker:XRPUSDTPERP;interval:15;buy:0;sell:0;buy_strong:0;sell_strong:1;close:1.2285;timenow:2021-08-24T01:05:03Z,2021-08-24T01:05:03.000Z
261017273,"BINANCE:1INCHUSDTPERP, 15m",ticker:1INCHUSDTPERP;interval:15;buy:0;sell:0;buy_strong:0;sell_strong:1;close:3.3592;timenow:2021-08-24T01:05:00Z,2021-08-24T01:05:00.000Z
261015813,"BINANCE:SANDUSDTPERP, 15m",ticker:SANDUSDTPERP;interval:15;buy:0;sell:0;buy_strong:0;sell_strong:1;close:0.65746;timenow:2021-08-24T01:04:51Z,2021-08-24T01:04:51.000Z
261016601,"BINANCE:VETUSDTPERP, 15m",ticker:VETUSDTPERP;interval:15;buy:0;sell:0;buy_strong:0;sell_strong:1;close:0.12948;timenow:2021-08-24T01:04:43Z,2021-08-24T01:04:43.000Z
261016642,"BINANCE:DENTUSDTPERP, 15m",ticker:DENTUSDTPERP;interval:15;buy:0;sell:0;buy_strong:0;sell_strong:1;close:0.006872;timenow:2021-08-24T01:04:25Z,2021-08-24T01:04:25.000Z
261018170,"BINANCE:AUDIOUSDTPERP, 15m",ticker:AUDIOUSDTPERP;interval:15;buy:0;sell:0;buy_strong:0;sell_strong:1;close:2.987;timenow:2021-08-24T01:03:53Z,2021-08-24T01:03:53.000Z
261016461,"BINANCE:AAVEUSDTPERP, 15m",ticker:AAVEUSDTPERP;interval:15;buy:0;sell:0;buy_strong:0;sell_strong:1;close:404.4;timenow:2021-08-24T01:03:32Z,2021-08-24T01:03:32.000Z
261016074,"BINANCE:TLMUSDTPERP, 15m",ticker:TLMUSDTPERP;interval:15;buy:0;sell:0;buy_strong:0;sell_strong:1;close:0.2941;timenow:2021-08-24T01:03:31Z,2021-08-24T01:03:31.000Z
261018734,"BINANCE:BELUSDTPERP, 15m",ticker:BELUSDTPERP;interval:15;buy:0;sell:0;buy_strong:0;sell_strong:1;close:2.5068;timenow:2021-08-24T01:03:30Z,2021-08-24T01:03:30.000Z
261019279,"BINANCE:YFIUSDTPERP, 15m",ticker:YFIUSDTPERP;interval:15;buy:0;sell:0;buy_strong:0;sell_strong:1;close:39694;timenow:2021-08-24T01:03:27Z,2021-08-24T01:03:27.000Z
261015986,"BINANCE:ICPUSDTPERP, 15m",ticker:ICPUSDTPERP;interval:15;buy:0;sell:1;buy_strong:0;sell_strong:0;close:64.86;timenow:2021-08-24T01:03:13Z,2021-08-24T01:03:13.000Z
261015134,"BINANCE:AXSUSDTPERP, 15m",ticker:AXSUSDTPERP;interval:15;buy:0;sell:0;buy_strong:0;sell_strong:1;close:75.75;timenow:2021-08-24T01:00:14Z,2021-08-24T01:00:14.000Z
261018342,"BINANCE:ICXUSDTPERP, 15m",ticker:ICXUSDTPERP;interval:15;buy:0;sell:0;buy_strong:0;sell_strong:1;close:1.5257;timenow:2021-08-24T01:00:09Z,2021-08-24T01:00:09.000Z
261015630,"BINANCE:EOSUSDTPERP, 15m",ticker:EOSUSDTPERP;interval:15;buy:0;sell:0;buy_strong:0;sell_strong:1;close:5.505;timenow:2021-08-24T01:00:02Z,2021-08-24T01:00:02.000Z
261015951,"BINANCE:CHZUSDTPERP, 15m",ticker:CHZUSDTPERP;interval:15;buy:0;sell:1;buy_strong:0;sell_strong:0;close:0.39431;timenow:2021-08-24T00:53:07Z,2021-08-24T00:53:07.000Z
261015309,"BINANCE:ALICEUSDTPERP, 15m",ticker:ALICEUSDTPERP;interval:15;buy:0;sell:0;buy_strong:0;sell_strong:1;close:16.751;timenow:2021-08-24T00:52:32Z,2021-08-24T00:52:32.000Z
261016821,"BINANCE:MANAUSDTPERP, 15m",ticker:MANAUSDTPERP;interval:15;buy:0;sell:0;buy_strong:0;sell_strong:1;close:0.8912;timenow:2021-08-24T00:52:32Z,2021-08-24T00:52:32.000Z
261017232,"BINANCE:QTUMUSDTPERP, 15m",ticker:QTUMUSDTPERP;interval:15;buy:0;sell:0;buy_strong:0;sell_strong:1;close:13.563;timenow:2021-08-24T00:52:29Z,2021-08-24T00:52:29.000Z
261015083,"BINANCE:ADAUSDTPERP, 15m",ticker:ADAUSDTPERP;interval:15;buy:0;sell:0;buy_strong:0;sell_strong:1;close:2.8478;timenow:2021-08-24T00:52:28Z,2021-08-24T00:52:28.000Z
261019390,"BINANCE:CVCUSDTPERP, 15m",ticker:CVCUSDTPERP;interval:15;buy:0;sell:0;buy_strong:0;sell_strong:1;close:0.36464;timenow:2021-08-24T00:52:25Z,2021-08-24T00:52:25.000Z
261016642,"BINANCE:DENTUSDTPERP, 15m",ticker:DENTUSDTPERP;interval:15;buy:0;sell:1;buy_strong:0;sell_strong:0;close:0.006872;timenow:2021-08-24T00:52:14Z,2021-08-24T00:52:14.000Z
261016502,"BINANCE:ENJUSDTPERP, 15m",ticker:ENJUSDTPERP;interval:15;buy:0;sell:1;buy_strong:0;sell_strong:0;close:2.0642;timenow:2021-08-24T00:52:12Z,2021-08-24T00:52:12.000Z
261018170,"BINANCE:AUDIOUSDTPERP, 15m",ticker:AUDIOUSDTPERP;interval:15;buy:0;sell:0;buy_strong:0;sell_strong:1;close:2.9876;timenow:2021-08-24T00:52:00Z,2021-08-24T00:52:00.000Z
261016040,"BINANCE:BCHUSDTPERP, 15m",ticker:BCHUSDTPERP;interval:15;buy:0;sell:0;buy_strong:0;sell_strong:1;close:669.68;timenow:2021-08-24T00:50:58Z,2021-08-24T00:50:59.000Z
261015813,"BINANCE:SANDUSDTPERP, 15m",ticker:SANDUSDTPERP;interval:15;buy:0;sell:0;buy_strong:0;sell_strong:1;close:0.65753;timenow:2021-08-24T00:49:41Z,2021-08-24T00:49:41.000Z
261018342,"BINANCE:ICXUSDTPERP, 15m",ticker:ICXUSDTPERP;interval:15;buy:0;sell:0;buy_strong:0;sell_strong:1;close:1.5253;timenow:2021-08-24T00:47:50Z,2021-08-24T00:47:50.000Z
261019279,"BINANCE:YFIUSDTPERP, 15m",ticker:YFIUSDTPERP;interval:15;buy:0;sell:0;buy_strong:0;sell_strong:1;close:39705;timenow:2021-08-24T00:47:11Z,2021-08-24T00:47:11.000Z
261017273,"BINANCE:1INCHUSDTPERP, 15m",ticker:1INCHUSDTPERP;interval:15;buy:0;sell:0;buy_strong:0;sell_strong:1;close:3.3596;timenow:2021-08-24T00:46:55Z,2021-08-24T00:46:55.000Z
261016601,"BINANCE:VETUSDTPERP, 15m",ticker:VETUSDTPERP;interval:15;buy:0;sell:0;buy_strong:0;sell_strong:1;close:0.12951;timenow:2021-08-24T00:46:22Z,2021-08-24T00:46:22.000Z
261016074,"BINANCE:TLMUSDTPERP, 15m",ticker:TLMUSDTPERP;interval:15;buy:0;sell:0;buy_strong:0;sell_strong:1;close:0.2941;timenow:2021-08-24T00:46:13Z,2021-08-24T00:46:13.000Z
261018734,"BINANCE:BELUSDTPERP, 15m",ticker:BELUSDTPERP;interval:15;buy:0;sell:0;buy_strong:0;sell_strong:1;close:2.5057;timenow:2021-08-24T00:46:03Z,2021-08-24T00:46:03.000Z
261015134,"BINANCE:AXSUSDTPERP, 15m",ticker:AXSUSDTPERP;interval:15;buy:0;sell:0;buy_strong:0;sell_strong:1;close:75.65;timenow:2021-08-24T00:45:55Z,2021-08-24T00:45:55.000Z
261015185,"BINANCE:XRPUSDTPERP, 15m",ticker:XRPUSDTPERP;interval:15;buy:0;sell:0;buy_strong:0;sell_strong:1;close:1.229;timenow:2021-08-24T00:45:48Z,2021-08-24T00:45:48.000Z
261016461,"BINANCE:AAVEUSDTPERP, 15m",ticker:AAVEUSDTPERP;interval:15;buy:0;sell:0;buy_strong:0;sell_strong:1;close:404.27;timenow:2021-08-24T00:45:45Z,2021-08-24T00:45:45.000Z
261015630,"BINANCE:EOSUSDTPERP, 15m",ticker:EOSUSDTPERP;interval:15;buy:0;sell:0;buy_strong:0;sell_strong:1;close:5.505;timenow:2021-08-24T00:45:07Z,2021-08-24T00:45:07.000Z
261015986,"BINANCE:ICPUSDTPERP, 15m",ticker:ICPUSDTPERP;interval:15;buy:0;sell:1;buy_strong:0;sell_strong:0;close:64.86;timenow:2021-08-24T00:45:00Z,2021-08-24T00:45:00.000Z
261015002,"BINANCE:BTCUSDTPERP, 15m",ticker:BTCUSDTPERP;interval:15;buy:0;sell:0;buy_strong:0;sell_strong:1;close:49210.08;timenow:2021-08-24T00:44:58Z,2021-08-24T00:44:58.000Z
261015443,"BINANCE:BNBUSDTPERP, 15m",ticker:BNBUSDTPERP;interval:15;buy:0;sell:0;buy_strong:0;sell_strong:1;close:494.39;timenow:2021-08-24T00:44:55Z,2021-08-24T00:44:55.000Z
261015630,"BINANCE:EOSUSDTPERP, 15m",ticker:EOSUSDTPERP;interval:15;buy:0;sell:0;buy_strong:0;sell_strong:1;close:5.505;timenow:2021-08-24T00:44:26Z,2021-08-24T00:44:26.000Z
261016074,"BINANCE:TLMUSDTPERP, 15m",ticker:TLMUSDTPERP;interval:15;buy:0;sell:0;buy_strong:0;sell_strong:1;close:0.2941;timenow:2021-08-24T00:44:10Z,2021-08-24T00:44:10.000Z
261015309,"BINANCE:ALICEUSDTPERP, 15m",ticker:ALICEUSDTPERP;interval:15;buy:0;sell:0;buy_strong:0;sell_strong:1;close:16.751;timenow:2021-08-24T00:43:59Z,2021-08-24T00:43:59.000Z
261015528,"BINANCE:ETCUSDTPERP, 15m",ticker:ETCUSDTPERP;interval:15;buy:0;sell:0;buy_strong:0;sell_strong:1;close:67.369;timenow:2021-08-24T00:43:31Z,2021-08-24T00:43:31.000Z
261015484,"BINANCE:DOTUSDTPERP, 15m",ticker:DOTUSDTPERP;interval:15;buy:0;sell:0;buy_strong:0;sell_strong:1;close:27.498;timenow:2021-08-24T00:43:05Z,2021-08-24T00:43:05.000Z
261016731,"BINANCE:ALGOUSDTPERP, 15m",ticker:ALGOUSDTPERP;interval:15;buy:0;sell:0;buy_strong:0;sell_strong:1;close:1.1222;timenow:2021-08-24T00:42:07Z,2021-08-24T00:42:07.000Z
261015725,"BINANCE:FILUSDTPERP, 15m",ticker:FILUSDTPERP;interval:15;buy:0;sell:0;buy_strong:0;sell_strong:1;close:79.219;timenow:2021-08-24T00:42:02Z,2021-08-24T00:42:02.000Z
261015348,"BINANCE:SOLUSDTPERP, 15m",ticker:SOLUSDTPERP;interval:15;buy:0;sell:1;buy_strong:0;sell_strong:0;close:73.518;timenow:2021-08-24T00:42:01Z,2021-08-24T00:42:01.000Z
261015986,"BINANCE:ICPUSDTPERP, 15m",ticker:ICPUSDTPERP;interval:15;buy:0;sell:1;buy_strong:0;sell_strong:0;close:64.86;timenow:2021-08-24T00:41:31Z,2021-08-24T00:41:31.000Z
261017758,"BINANCE:WAVESUSDTPERP, 15m",ticker:WAVESUSDTPERP;interval:15;buy:0;sell:0;buy_strong:0;sell_strong:1;close:25.563;timenow:2021-08-24T00:40:40Z,2021-08-24T00:40:40.000Z
261017088,"BINANCE:KSMUSDTPERP, 15m",ticker:KSMUSDTPERP;interval:15;buy:0;sell:0;buy_strong:0;sell_strong:1;close:323.2;timenow:2021-08-24T00:38:09Z,2021-08-24T00:38:09.000Z
261018229,"BINANCE:BTTUSDTPERP, 15m",ticker:BTTUSDTPERP;interval:15;buy:0;sell:0;buy_strong:0;sell_strong:1;close:0.004427;timenow:2021-08-24T00:36:37Z,2021-08-24T00:36:37.000Z
261015134,"BINANCE:AXSUSDTPERP, 15m",ticker:AXSUSDTPERP;interval:15;buy:0;sell:0;buy_strong:0;sell_strong:1;close:75.71;timenow:2021-08-24T00:36:35Z,2021-08-24T00:36:35.000Z
261017186,"BINANCE:SXPUSDTPERP, 15m",ticker:SXPUSDTPERP;interval:15;buy:0;sell:1;buy_strong:0;sell_strong:0;close:3.7603;timenow:2021-08-24T00:36:07Z,2021-08-24T00:36:07.000Z
261019229,"BINANCE:LRCUSDTPERP, 15m",ticker:LRCUSDTPERP;interval:15;buy:0;sell:0;buy_strong:0;sell_strong:1;close:0.49047;timenow:2021-08-24T00:34:34Z,2021-08-24T00:34:34.000Z
261018689,"BINANCE:IOTXUSDTPERP, 15m",ticker:IOTXUSDTPERP;interval:15;buy:0;sell:0;buy_strong:0;sell_strong:1;close:0.07929;timenow:2021-08-24T00:33:31Z,2021-08-24T00:33:31.000Z
261016333,"BINANCE:KAVAUSDTPERP, 15m",ticker:KAVAUSDTPERP;interval:15;buy:0;sell:1;buy_strong:0;sell_strong:0;close:8.3434;timenow:2021-08-24T00:33:26Z,2021-08-24T00:33:26.000Z
261016385,"BINANCE:FTMUSDTPERP, 15m",ticker:FTMUSDTPERP;interval:15;buy:0;sell:0;buy_strong:0;sell_strong:1;close:0.54043;timenow:2021-08-24T00:33:12Z,2021-08-24T00:33:13.000Z
261018457,"BINANCE:UNFIUSDTPERP, 15m",ticker:UNFIUSDTPERP;interval:15;buy:0;sell:0;buy_strong:0;sell_strong:1;close:14.507;timenow:2021-08-24T00:33:11Z,2021-08-24T00:33:11.000Z
261017462,"BINANCE:OMGUSDTPERP, 15m",ticker:OMGUSDTPERP;interval:15;buy:0;sell:0;buy_strong:0;sell_strong:1;close:6.6501;timenow:2021-08-24T00:33:10Z,2021-08-24T00:33:10.000Z
261019493,"BINANCE:LITUSDTPERP, 15m",ticker:LITUSDTPERP;interval:15;buy:0;sell:0;buy_strong:0;sell_strong:1;close:5.633;timenow:2021-08-24T00:31:33Z,2021-08-24T00:31:33.000Z
261018031,"BINANCE:IOSTUSDTPERP, 15m",ticker:IOSTUSDTPERP;interval:15;buy:0;sell:0;buy_strong:0;sell_strong:1;close:0.041801;timenow:2021-08-24T00:31:31Z,2021-08-24T00:31:31.000Z
261016768,"BINANCE:SRMUSDTPERP, 15m",ticker:SRMUSDTPERP;interval:15;buy:0;sell:0;buy_strong:0;sell_strong:1;close:7.437;timenow:2021-08-24T00:31:31Z,2021-08-24T00:31:31.000Z
261016865,"BINANCE:TRXUSDTPERP, 15m",ticker:TRXUSDTPERP;interval:15;buy:0;sell:0;buy_strong:1;sell_strong:0;close:0.09066;timenow:2021-08-24T00:25:47Z,2021-08-24T00:25:47.000Z
261017232,"BINANCE:QTUMUSDTPERP, 15m",ticker:QTUMUSDTPERP;interval:15;buy:0;sell:0;buy_strong:1;sell_strong:0;close:14.063;timenow:2021-08-24T00:25:21Z,2021-08-24T00:25:21.000Z
261018812,"BINANCE:ZRXUSDTPERP, 15m",ticker:ZRXUSDTPERP;interval:15;buy:0;sell:0;buy_strong:1;sell_strong:0;close:1.1713;timenow:2021-08-24T00:21:37Z,2021-08-24T00:21:37.000Z
261019025,"BINANCE:NKNUSDTPERP, 15m",ticker:NKNUSDTPERP;interval:15;buy:0;sell:0;buy_strong:0;sell_strong:1;close:0.48396;timenow:2021-08-24T00:19:30Z,2021-08-24T00:19:30.000Z
261015220,"BINANCE:AVAXUSDTPERP, 15m",ticker:AVAXUSDTPERP;interval:15;buy:0;sell:0;buy_strong:1;sell_strong:0;close:47.714;timenow:2021-08-24T00:15:31Z,2021-08-24T00:15:31.000Z
261019025,"BINANCE:NKNUSDTPERP, 15m",ticker:NKNUSDTPERP;interval:15;buy:0;sell:0;buy_strong:0;sell_strong:1;close:0.48386;timenow:2021-08-24T00:07:34Z,2021-08-24T00:07:34.000Z
261017232,"BINANCE:QTUMUSDTPERP, 15m",ticker:QTUMUSDTPERP;interval:15;buy:0;sell:0;buy_strong:1;sell_strong:0;close:14.063;timenow:2021-08-24T00:03:18Z,2021-08-24T00:03:18.000Z
261015134,"BINANCE:AXSUSDTPERP, 15m",ticker:AXSUSDTPERP;interval:15;buy:0;sell:0;buy_strong:1;sell_strong:0;close:77.21;timenow:2021-08-23T23:58:44Z,2021-08-23T23:58:44.000Z
261016074,"BINANCE:TLMUSDTPERP, 15m",ticker:TLMUSDTPERP;interval:15;buy:0;sell:0;buy_strong:1;sell_strong:0;close:0.3036;timenow:2021-08-23T23:43:15Z,2021-08-23T23:43:15.000Z
261016731,"BINANCE:ALGOUSDTPERP, 15m",ticker:ALGOUSDTPERP;interval:15;buy:0;sell:0;buy_strong:1;sell_strong:0;close:1.1457;timenow:2021-08-23T23:41:20Z,2021-08-23T23:41:20.000Z
261015134,"BINANCE:AXSUSDTPERP, 15m",ticker:AXSUSDTPERP;interval:15;buy:0;sell:0;buy_strong:1;sell_strong:0;close:77.19;timenow:2021-08-23T23:31:50Z,2021-08-23T23:31:50.000Z
261015185,"BINANCE:XRPUSDTPERP, 15m",ticker:XRPUSDTPERP;interval:15;buy:0;sell:0;buy_strong:1;sell_strong:0;close:1.2589;timenow:2021-08-23T23:29:13Z,2021-08-23T23:29:13.000Z
261015630,"BINANCE:EOSUSDTPERP, 15m",ticker:EOSUSDTPERP;interval:15;buy:0;sell:0;buy_strong:1;sell_strong:0;close:5.633;timenow:2021-08-23T23:26:10Z,2021-08-23T23:26:10.000Z
261015484,"BINANCE:DOTUSDTPERP, 15m",ticker:DOTUSDTPERP;interval:15;buy:0;sell:0;buy_strong:1;sell_strong:0;close:28.186;timenow:2021-08-23T23:22:10Z,2021-08-23T23:22:10.000Z
261017273,"BINANCE:1INCHUSDTPERP, 15m",ticker:1INCHUSDTPERP;interval:15;buy:0;sell:0;buy_strong:1;sell_strong:0;close:3.4259;timenow:2021-08-23T23:22:10Z,2021-08-23T23:22:10.000Z
261015134,"BINANCE:AXSUSDTPERP, 15m",ticker:AXSUSDTPERP;interval:15;buy:0;sell:0;buy_strong:1;sell_strong:0;close:77.22;timenow:2021-08-23T23:20:14Z,2021-08-23T23:20:15.000Z
261015002,"BINANCE:BTCUSDTPERP, 15m",ticker:BTCUSDTPERP;interval:15;buy:1;sell:0;buy_strong:0;sell_strong:0;close:49722;timenow:2021-08-23T23:18:05Z,2021-08-23T23:18:05.000Z
261016768,"BINANCE:SRMUSDTPERP, 15m",ticker:SRMUSDTPERP;interval:15;buy:0;sell:0;buy_strong:1;sell_strong:0;close:7.59;timenow:2021-08-23T23:18:02Z,2021-08-23T23:18:02.000Z
261016642,"BINANCE:DENTUSDTPERP, 15m",ticker:DENTUSDTPERP;interval:15;buy:0;sell:0;buy_strong:1;sell_strong:0;close:0.006999;timenow:2021-08-23T23:13:23Z,2021-08-23T23:13:23.000Z
261015772,"BINANCE:ATOMUSDTPERP, 15m",ticker:ATOMUSDTPERP;interval:15;buy:0;sell:0;buy_strong:1;sell_strong:0;close:22.148;timenow:2021-08-23T23:05:03Z,2021-08-23T23:05:03.000Z
261016333,"BINANCE:KAVAUSDTPERP, 15m",ticker:KAVAUSDTPERP;interval:15;buy:0;sell:0;buy_strong:1;sell_strong:0;close:8.4795;timenow:2021-08-23T23:02:53Z,2021-08-23T23:02:53.000Z
261019229,"BINANCE:LRCUSDTPERP, 15m",ticker:LRCUSDTPERP;interval:15;buy:0;sell:0;buy_strong:1;sell_strong:0;close:0.51542;timenow:2021-08-23T22:56:38Z,2021-08-23T22:56:38.000Z
261016642,"BINANCE:DENTUSDTPERP, 15m",ticker:DENTUSDTPERP;interval:15;buy:0;sell:0;buy_strong:1;sell_strong:0;close:0.007;timenow:2021-08-23T22:48:17Z,2021-08-23T22:48:17.000Z
261016333,"BINANCE:KAVAUSDTPERP, 15m",ticker:KAVAUSDTPERP;interval:15;buy:0;sell:0;buy_strong:1;sell_strong:0;close:8.4805;timenow:2021-08-23T22:45:20Z,2021-08-23T22:45:20.000Z
261018501,"BINANCE:BANDUSDTPERP, 15m",ticker:BANDUSDTPERP;interval:15;buy:0;sell:0;buy_strong:1;sell_strong:0;close:9.8594;timenow:2021-08-23T22:45:02Z,2021-08-23T22:45:02.000Z
261016385,"BINANCE:FTMUSDTPERP, 15m",ticker:FTMUSDTPERP;interval:15;buy:0;sell:0;buy_strong:1;sell_strong:0;close:0.561;timenow:2021-08-23T22:43:16Z,2021-08-23T22:43:16.000Z
261015528,"BINANCE:ETCUSDTPERP, 15m",ticker:ETCUSDTPERP;interval:15;buy:0;sell:0;buy_strong:1;sell_strong:0;close:68.649;timenow:2021-08-23T22:37:55Z,2021-08-23T22:37:55.000Z
261016333,"BINANCE:KAVAUSDTPERP, 15m",ticker:KAVAUSDTPERP;interval:15;buy:0;sell:0;buy_strong:1;sell_strong:0;close:8.4808;timenow:2021-08-23T22:37:42Z,2021-08-23T22:37:42.000Z
261017626,"BINANCE:NEOUSDTPERP, 15m",ticker:NEOUSDTPERP;interval:15;buy:0;sell:0;buy_strong:1;sell_strong:0;close:60.493;timenow:2021-08-23T22:33:46Z,2021-08-23T22:33:46.000Z
261018501,"BINANCE:BANDUSDTPERP, 15m",ticker:BANDUSDTPERP;interval:15;buy:0;sell:0;buy_strong:1;sell_strong:0;close:9.8599;timenow:2021-08-23T22:30:18Z,2021-08-23T22:30:18.000Z
261019025,"BINANCE:NKNUSDTPERP, 15m",ticker:NKNUSDTPERP;interval:15;buy:0;sell:1;buy_strong:0;sell_strong:0;close:0.48387;timenow:2021-08-23T22:30:00Z,2021-08-23T22:30:00.000Z
261015002,"BINANCE:BTCUSDTPERP, 15m",ticker:BTCUSDTPERP;interval:15;buy:1;sell:0;buy_strong:0;sell_strong:0;close:49721.05;timenow:2021-08-23T22:15:02Z,2021-08-23T22:15:02.000Z
261016601,"BINANCE:VETUSDTPERP, 15m",ticker:VETUSDTPERP;interval:15;buy:0;sell:0;buy_strong:1;sell_strong:0;close:0.13293;timenow:2021-08-23T22:14:41Z,2021-08-23T22:14:41.000Z
261017273,"BINANCE:1INCHUSDTPERP, 15m",ticker:1INCHUSDTPERP;interval:15;buy:0;sell:0;buy_strong:1;sell_strong:0;close:3.4266;timenow:2021-08-23T22:13:17Z,2021-08-23T22:13:17.000Z
261016040,"BINANCE:BCHUSDTPERP, 15m",ticker:BCHUSDTPERP;interval:15;buy:1;sell:0;buy_strong:0;sell_strong:0;close:678.49;timenow:2021-08-23T22:12:56Z,2021-08-23T22:12:56.000Z
261016642,"BINANCE:DENTUSDTPERP, 15m",ticker:DENTUSDTPERP;interval:15;buy:0;sell:0;buy_strong:1;sell_strong:0;close:0.007002;timenow:2021-08-23T22:11:59Z,2021-08-23T22:11:59.000Z
261016768,"BINANCE:SRMUSDTPERP, 15m",ticker:SRMUSDTPERP;interval:15;buy:0;sell:0;buy_strong:1;sell_strong:0;close:7.593;timenow:2021-08-23T22:05:03Z,2021-08-23T22:05:03.000Z
261015348,"BINANCE:SOLUSDTPERP, 15m",ticker:SOLUSDTPERP;interval:15;buy:0;sell:0;buy_strong:1;sell_strong:0;close:74.107;timenow:2021-08-23T21:58:57Z,2021-08-23T21:58:57.000Z
261019117,"BINANCE:ZENUSDTPERP, 15m",ticker:ZENUSDTPERP;interval:15;buy:0;sell:0;buy_strong:1;sell_strong:0;close:79.033;timenow:2021-08-23T21:08:22Z,2021-08-23T21:08:22.000Z
261018501,"BINANCE:BANDUSDTPERP, 15m",ticker:BANDUSDTPERP;interval:15;buy:1;sell:0;buy_strong:0;sell_strong:0;close:9.8639;timenow:2021-08-23T21:07:02Z,2021-08-23T21:07:02.000Z
261015309,"BINANCE:ALICEUSDTPERP, 15m",ticker:ALICEUSDTPERP;interval:15;buy:1;sell:0;buy_strong:0;sell_strong:0;close:17.327;timenow:2021-08-23T21:06:20Z,2021-08-23T21:06:20.000Z
261015986,"BINANCE:ICPUSDTPERP, 15m",ticker:ICPUSDTPERP;interval:15;buy:1;sell:0;buy_strong:0;sell_strong:0;close:65.46;timenow:2021-08-23T21:04:08Z,2021-08-23T21:04:08.000Z
261017088,"BINANCE:KSMUSDTPERP, 15m",ticker:KSMUSDTPERP;interval:15;buy:1;sell:0;buy_strong:0;sell_strong:0;close:330.39;timenow:2021-08-23T21:01:38Z,2021-08-23T21:01:38.000Z
261018734,"BINANCE:BELUSDTPERP, 15m",ticker:BELUSDTPERP;interval:15;buy:1;sell:0;buy_strong:0;sell_strong:0;close:2.558;timenow:2021-08-23T20:57:19Z,2021-08-23T20:57:19.000Z
261018229,"BINANCE:BTTUSDTPERP, 15m",ticker:BTTUSDTPERP;interval:15;buy:0;sell:0;buy_strong:1;sell_strong:0;close:0.00452;timenow:2021-08-23T20:41:44Z,2021-08-23T20:41:44.000Z
261018031,"BINANCE:IOSTUSDTPERP, 15m",ticker:IOSTUSDTPERP;interval:15;buy:0;sell:0;buy_strong:0;sell_strong:1;close:0.041765;timenow:2021-08-23T20:06:54Z,2021-08-23T20:06:54.000Z
261018379,"BINANCE:ZECUSDTPERP, 15m",ticker:ZECUSDTPERP;interval:15;buy:0;sell:0;buy_strong:0;sell_strong:1;close:162.01;timenow:2021-08-23T20:06:42Z,2021-08-23T20:06:42.000Z
261019390,"BINANCE:CVCUSDTPERP, 15m",ticker:CVCUSDTPERP;interval:15;buy:0;sell:0;buy_strong:0;sell_strong:1;close:0.36207;timenow:2021-08-23T20:06:13Z,2021-08-23T20:06:13.000Z
261018342,"BINANCE:ICXUSDTPERP, 15m",ticker:ICXUSDTPERP;interval:15;buy:0;sell:0;buy_strong:0;sell_strong:1;close:1.5241;timenow:2021-08-23T20:03:56Z,2021-08-23T20:03:57.000Z
261017758,"BINANCE:WAVESUSDTPERP, 15m",ticker:WAVESUSDTPERP;interval:15;buy:0;sell:0;buy_strong:0;sell_strong:1;close:25.523;timenow:2021-08-23T20:03:34Z,2021-08-23T20:03:34.000Z
261019279,"BINANCE:YFIUSDTPERP, 15m",ticker:YFIUSDTPERP;interval:15;buy:0;sell:0;buy_strong:0;sell_strong:1;close:39671;timenow:2021-08-23T20:02:43Z,2021-08-23T20:02:43.000Z
261018457,"BINANCE:UNFIUSDTPERP, 15m",ticker:UNFIUSDTPERP;interval:15;buy:0;sell:0;buy_strong:0;sell_strong:1;close:14.477;timenow:2021-08-23T20:02:36Z,2021-08-23T20:02:36.000Z
261019327,"BINANCE:ONTUSDTPERP, 15m",ticker:ONTUSDTPERP;interval:15;buy:0;sell:0;buy_strong:0;sell_strong:1;close:1.1353;timenow:2021-08-23T20:00:34Z,2021-08-23T20:00:34.000Z
261015813,"BINANCE:SANDUSDTPERP, 15m",ticker:SANDUSDTPERP;interval:15;buy:0;sell:0;buy_strong:1;sell_strong:0;close:0.67762;timenow:2021-08-23T19:39:06Z,2021-08-23T19:39:06.000Z
261018812,"BINANCE:ZRXUSDTPERP, 15m",ticker:ZRXUSDTPERP;interval:15;buy:0;sell:0;buy_strong:0;sell_strong:1;close:1.1294;timenow:2021-08-23T19:12:30Z,2021-08-23T19:12:30.000Z
261018457,"BINANCE:UNFIUSDTPERP, 15m",ticker:UNFIUSDTPERP;interval:15;buy:0;sell:0;buy_strong:0;sell_strong:1;close:14.465;timenow:2021-08-23T19:12:14Z,2021-08-23T19:12:14.000Z
261015036,"BINANCE:ETHUSDTPERP, 15m",ticker:ETHUSDTPERP;interval:15;buy:0;sell:0;buy_strong:0;sell_strong:1;close:3314.15;timenow:2021-08-23T19:12:09Z,2021-08-23T19:12:09.000Z
261017505,"BINANCE:CTKUSDTPERP, 15m",ticker:CTKUSDTPERP;interval:15;buy:0;sell:0;buy_strong:0;sell_strong:1;close:2.22;timenow:2021-08-23T19:11:59Z,2021-08-23T19:11:59.000Z
261017232,"BINANCE:QTUMUSDTPERP, 15m",ticker:QTUMUSDTPERP;interval:15;buy:0;sell:0;buy_strong:0;sell_strong:1;close:13.557;timenow:2021-08-23T19:10:45Z,2021-08-23T19:10:45.000Z
261017626,"BINANCE:NEOUSDTPERP, 15m",ticker:NEOUSDTPERP;interval:15;buy:0;sell:1;buy_strong:0;sell_strong:0;close:58.703;timenow:2021-08-23T19:10:14Z,2021-08-23T19:10:14.000Z
261015865,"BINANCE:RUNEUSDTPERP, 15m",ticker:RUNEUSDTPERP;interval:15;buy:0;sell:0;buy_strong:0;sell_strong:1;close:11.636;timenow:2021-08-23T19:03:39Z,2021-08-23T19:03:39.000Z
261019279,"BINANCE:YFIUSDTPERP, 15m",ticker:YFIUSDTPERP;interval:15;buy:0;sell:0;buy_strong:0;sell_strong:1;close:39669;timenow:2021-08-23T19:01:05Z,2021-08-23T19:01:05.000Z
261015443,"BINANCE:BNBUSDTPERP, 15m",ticker:BNBUSDTPERP;interval:15;buy:0;sell:0;buy_strong:1;sell_strong:0;close:503.06;timenow:2021-08-23T18:34:20Z,2021-08-23T18:34:20.000Z
261018304,"BINANCE:RLCUSDTPERP, 15m",ticker:RLCUSDTPERP;interval:15;buy:1;sell:0;buy_strong:0;sell_strong:0;close:5.2736;timenow:2021-08-23T18:15:15Z,2021-08-23T18:15:15.000Z
261018304,"BINANCE:RLCUSDTPERP, 15m",ticker:RLCUSDTPERP;interval:15;buy:0;sell:0;buy_strong:1;sell_strong:0;close:5.2866;timenow:2021-08-23T18:14:53Z,2021-08-23T18:14:53.000Z
261019077,"BINANCE:ZILUSDTPERP, 15m",ticker:ZILUSDTPERP;interval:15;buy:0;sell:1;buy_strong:0;sell_strong:0;close:0.11501;timenow:2021-08-23T18:10:39Z,2021-08-23T18:10:39.000Z
261017144,"BINANCE:DODOUSDTPERP, 15m",ticker:DODOUSDTPERP;interval:15;buy:0;sell:0;buy_strong:0;sell_strong:1;close:2.232;timenow:2021-08-23T18:06:22Z,2021-08-23T18:06:22.000Z
261018766,"BINANCE:ONEUSDTPERP, 15m",ticker:ONEUSDTPERP;interval:15;buy:0;sell:0;buy_strong:0;sell_strong:1;close:0.11701;timenow:2021-08-23T18:00:01Z,2021-08-23T18:00:01.000Z
261018766,"BINANCE:ONEUSDTPERP, 15m",ticker:ONEUSDTPERP;interval:15;buy:0;sell:0;buy_strong:0;sell_strong:1;close:0.11702;timenow:2021-08-23T17:59:29Z,2021-08-23T17:59:29.000Z
261017375,"BINANCE:BZRXUSDTPERP, 15m",ticker:BZRXUSDTPERP;interval:15;buy:0;sell:0;buy_strong:0;sell_strong:1;close:0.4456;timenow:2021-08-23T17:56:41Z,2021-08-23T17:56:41.000Z
261018644,"BINANCE:AKROUSDTPERP, 15m",ticker:AKROUSDTPERP;interval:15;buy:0;sell:0;buy_strong:0;sell_strong:1;close:0.03698;timenow:2021-08-23T17:55:06Z,2021-08-23T17:55:06.000Z
261015951,"BINANCE:CHZUSDTPERP, 15m",ticker:CHZUSDTPERP;interval:15;buy:0;sell:0;buy_strong:1;sell_strong:0;close:0.39281;timenow:2021-08-23T17:34:04Z,2021-08-23T17:34:04.000Z
261018766,"BINANCE:ONEUSDTPERP, 15m",ticker:ONEUSDTPERP;interval:15;buy:0;sell:0;buy_strong:0;sell_strong:1;close:0.11701;timenow:2021-08-23T17:30:25Z,2021-08-23T17:30:25.000Z
261018897,"BINANCE:EGLDUSDTPERP, 15m",ticker:EGLDUSDTPERP;interval:15;buy:0;sell:0;buy_strong:1;sell_strong:0;close:152.89;timenow:2021-08-23T17:02:19Z,2021-08-23T17:02:19.000Z
261015725,"BINANCE:FILUSDTPERP, 15m",ticker:FILUSDTPERP;interval:15;buy:0;sell:0;buy_strong:1;sell_strong:0;close:80.659;timenow:2021-08-23T16:59:42Z,2021-08-23T16:59:42.000Z
261019279,"BINANCE:YFIUSDTPERP, 15m",ticker:YFIUSDTPERP;interval:15;buy:0;sell:0;buy_strong:1;sell_strong:0;close:40528;timenow:2021-08-23T16:59:02Z,2021-08-23T16:59:02.000Z
261017186,"BINANCE:SXPUSDTPERP, 15m",ticker:SXPUSDTPERP;interval:15;buy:0;sell:0;buy_strong:1;sell_strong:0;close:3.7266;timenow:2021-08-23T16:58:59Z,2021-08-23T16:58:59.000Z
261016461,"BINANCE:AAVEUSDTPERP, 15m",ticker:AAVEUSDTPERP;interval:15;buy:0;sell:0;buy_strong:1;sell_strong:0;close:412.36;timenow:2021-08-23T16:51:20Z,2021-08-23T16:51:20.000Z
261018766,"BINANCE:ONEUSDTPERP, 15m",ticker:ONEUSDTPERP;interval:15;buy:0;sell:0;buy_strong:0;sell_strong:1;close:0.11697;timenow:2021-08-23T16:50:15Z,2021-08-23T16:50:15.000Z
261017375,"BINANCE:BZRXUSDTPERP, 15m",ticker:BZRXUSDTPERP;interval:15;buy:0;sell:0;buy_strong:0;sell_strong:1;close:0.4455;timenow:2021-08-23T16:50:00Z,2021-08-23T16:50:00.000Z
261018644,"BINANCE:AKROUSDTPERP, 15m",ticker:AKROUSDTPERP;interval:15;buy:0;sell:1;buy_strong:0;sell_strong:0;close:0.03696;timenow:2021-08-23T16:48:41Z,2021-08-23T16:48:41.000Z
261019493,"BINANCE:LITUSDTPERP, 15m",ticker:LITUSDTPERP;interval:15;buy:0;sell:0;buy_strong:1;sell_strong:0;close:5.842;timenow:2021-08-23T16:47:11Z,2021-08-23T16:47:11.000Z
261016821,"BINANCE:MANAUSDTPERP, 15m",ticker:MANAUSDTPERP;interval:15;buy:0;sell:0;buy_strong:1;sell_strong:0;close:0.9073;timenow:2021-08-23T16:46:57Z,2021-08-23T16:46:57.000Z
261016821,"BINANCE:MANAUSDTPERP, 15m",ticker:MANAUSDTPERP;interval:15;buy:0;sell:0;buy_strong:1;sell_strong:0;close:0.9073;timenow:2021-08-23T16:40:45Z,2021-08-23T16:40:45.000Z
261015582,"BINANCE:LUNAUSDTPERP, 15m",ticker:LUNAUSDTPERP;interval:15;buy:1;sell:0;buy_strong:0;sell_strong:0;close:28.886;timenow:2021-08-23T16:39:51Z,2021-08-23T16:39:51.000Z
261015725,"BINANCE:FILUSDTPERP, 15m",ticker:FILUSDTPERP;interval:15;buy:0;sell:0;buy_strong:1;sell_strong:0;close:80.668;timenow:2021-08-23T16:39:27Z,2021-08-23T16:39:27.000Z
261019279,"BINANCE:YFIUSDTPERP, 15m",ticker:YFIUSDTPERP;interval:15;buy:0;sell:0;buy_strong:1;sell_strong:0;close:40568;timenow:2021-08-23T16:34:26Z,2021-08-23T16:34:27.000Z
261015443,"BINANCE:BNBUSDTPERP, 15m",ticker:BNBUSDTPERP;interval:15;buy:0;sell:0;buy_strong:1;sell_strong:0;close:503.1;timenow:2021-08-23T16:34:12Z,2021-08-23T16:34:12.000Z
261016461,"BINANCE:AAVEUSDTPERP, 15m",ticker:AAVEUSDTPERP;interval:15;buy:0;sell:0;buy_strong:1;sell_strong:0;close:412.47;timenow:2021-08-23T16:33:12Z,2021-08-23T16:33:12.000Z
261018379,"BINANCE:ZECUSDTPERP, 15m",ticker:ZECUSDTPERP;interval:15;buy:0;sell:0;buy_strong:1;sell_strong:0;close:166.29;timenow:2021-08-23T16:06:08Z,2021-08-23T16:06:08.000Z
261019390,"BINANCE:CVCUSDTPERP, 15m",ticker:CVCUSDTPERP;interval:15;buy:0;sell:0;buy_strong:0;sell_strong:1;close:0.36183;timenow:2021-08-23T15:41:34Z,2021-08-23T15:41:34.000Z
261018766,"BINANCE:ONEUSDTPERP, 15m",ticker:ONEUSDTPERP;interval:15;buy:0;sell:0;buy_strong:0;sell_strong:1;close:0.11688;timenow:2021-08-23T15:41:33Z,2021-08-23T15:41:33.000Z
261018342,"BINANCE:ICXUSDTPERP, 15m",ticker:ICXUSDTPERP;interval:15;buy:0;sell:0;buy_strong:0;sell_strong:1;close:1.5228;timenow:2021-08-23T15:35:32Z,2021-08-23T15:35:32.000Z
261018644,"BINANCE:AKROUSDTPERP, 15m",ticker:AKROUSDTPERP;interval:15;buy:0;sell:1;buy_strong:0;sell_strong:0;close:0.03696;timenow:2021-08-23T15:35:23Z,2021-08-23T15:35:23.000Z
261016217,"BINANCE:THETAUSDTPERP, 15m",ticker:THETAUSDTPERP;interval:15;buy:0;sell:0;buy_strong:0;sell_strong:1;close:7.405;timenow:2021-08-23T15:35:10Z,2021-08-23T15:35:10.000Z
261015036,"BINANCE:ETHUSDTPERP, 15m",ticker:ETHUSDTPERP;interval:15;buy:0;sell:0;buy_strong:0;sell_strong:1;close:3314.06;timenow:2021-08-23T15:35:09Z,2021-08-23T15:35:10.000Z
261017144,"BINANCE:DODOUSDTPERP, 15m",ticker:DODOUSDTPERP;interval:15;buy:0;sell:0;buy_strong:0;sell_strong:1;close:2.227;timenow:2021-08-23T15:32:10Z,2021-08-23T15:32:10.000Z
261018170,"BINANCE:AUDIOUSDTPERP, 15m",ticker:AUDIOUSDTPERP;interval:15;buy:0;sell:0;buy_strong:1;sell_strong:0;close:3.1;timenow:2021-08-23T15:19:18Z,2021-08-23T15:19:18.000Z
261018644,"BINANCE:AKROUSDTPERP, 15m",ticker:AKROUSDTPERP;interval:15;buy:0;sell:1;buy_strong:0;sell_strong:0;close:0.03694;timenow:2021-08-23T15:01:55Z,2021-08-23T15:01:55.000Z
261018766,"BINANCE:ONEUSDTPERP, 15m",ticker:ONEUSDTPERP;interval:15;buy:0;sell:0;buy_strong:0;sell_strong:1;close:0.11677;timenow:2021-08-23T15:01:51Z,2021-08-23T15:01:51.000Z
261018342,"BINANCE:ICXUSDTPERP, 15m",ticker:ICXUSDTPERP;interval:15;buy:0;sell:0;buy_strong:0;sell_strong:1;close:1.5217;timenow:2021-08-23T15:01:45Z,2021-08-23T15:01:45.000Z
261017144,"BINANCE:DODOUSDTPERP, 15m",ticker:DODOUSDTPERP;interval:15;buy:0;sell:0;buy_strong:0;sell_strong:1;close:2.226;timenow:2021-08-23T15:01:23Z,2021-08-23T15:01:23.000Z
261016217,"BINANCE:THETAUSDTPERP, 15m",ticker:THETAUSDTPERP;interval:15;buy:0;sell:0;buy_strong:0;sell_strong:1;close:7.409;timenow:2021-08-23T15:01:15Z,2021-08-23T15:01:16.000Z
261018689,"BINANCE:IOTXUSDTPERP, 15m",ticker:IOTXUSDTPERP;interval:15;buy:0;sell:0;buy_strong:0;sell_strong:1;close:0.07874;timenow:2021-08-23T15:00:58Z,2021-08-23T15:00:58.000Z
261015036,"BINANCE:ETHUSDTPERP, 15m",ticker:ETHUSDTPERP;interval:15;buy:0;sell:0;buy_strong:0;sell_strong:1;close:3313.94;timenow:2021-08-23T15:00:00Z,2021-08-23T15:00:00.000Z
261017859,"BINANCE:DASHUSDTPERP, 15m",ticker:DASHUSDTPERP;interval:15;buy:0;sell:0;buy_strong:0;sell_strong:1;close:272.27;timenow:2021-08-23T14:59:00Z,2021-08-23T14:59:00.000Z
261016282,"BINANCE:OCEANUSDTPERP, 15m",ticker:OCEANUSDTPERP;interval:15;buy:0;sell:0;buy_strong:0;sell_strong:1;close:0.97784;timenow:2021-08-23T14:58:58Z,2021-08-23T14:58:58.000Z
261015036,"BINANCE:ETHUSDTPERP, 15m",ticker:ETHUSDTPERP;interval:15;buy:0;sell:0;buy_strong:0;sell_strong:1;close:3313.98;timenow:2021-08-23T14:58:58Z,2021-08-23T14:58:58.000Z
261016040,"BINANCE:BCHUSDTPERP, 15m",ticker:BCHUSDTPERP;interval:15;buy:0;sell:0;buy_strong:0;sell_strong:1;close:681.01;timenow:2021-08-23T14:57:57Z,2021-08-23T14:57:57.000Z
261017805,"BINANCE:LINAUSDTPERP, 15m",ticker:LINAUSDTPERP;interval:15;buy:0;sell:1;buy_strong:0;sell_strong:0;close:0.06298;timenow:2021-08-23T14:49:47Z,2021-08-23T14:49:47.000Z
261017427,"BINANCE:COMPUSDTPERP, 15m",ticker:COMPUSDTPERP;interval:15;buy:0;sell:1;buy_strong:0;sell_strong:0;close:469.65;timenow:2021-08-23T14:49:46Z,2021-08-23T14:49:46.000Z
261017186,"BINANCE:SXPUSDTPERP, 15m",ticker:SXPUSDTPERP;interval:15;buy:0;sell:0;buy_strong:0;sell_strong:1;close:3.6342;timenow:2021-08-23T14:49:46Z,2021-08-23T14:49:46.000Z
261015630,"BINANCE:EOSUSDTPERP, 15m",ticker:EOSUSDTPERP;interval:15;buy:0;sell:0;buy_strong:0;sell_strong:1;close:5.527;timenow:2021-08-23T14:49:44Z,2021-08-23T14:49:44.000Z
261015908,"BINANCE:LTCUSDTPERP, 15m",ticker:LTCUSDTPERP;interval:15;buy:0;sell:0;buy_strong:0;sell_strong:1;close:187.1;timenow:2021-08-23T14:49:44Z,2021-08-23T14:49:44.000Z
261015267,"BINANCE:DOGEUSDTPERP, 15m",ticker:DOGEUSDTPERP;interval:15;buy:0;sell:0;buy_strong:0;sell_strong:1;close:0.31652;timenow:2021-08-23T14:48:10Z,2021-08-23T14:48:10.000Z
261019175,"BINANCE:BLZUSDTPERP, 15m",ticker:BLZUSDTPERP;interval:15;buy:0;sell:0;buy_strong:0;sell_strong:1;close:0.26634;timenow:2021-08-23T14:45:39Z,2021-08-23T14:45:39.000Z
261018229,"BINANCE:BTTUSDTPERP, 15m",ticker:BTTUSDTPERP;interval:15;buy:0;sell:0;buy_strong:0;sell_strong:1;close:0.00444;timenow:2021-08-23T14:45:32Z,2021-08-23T14:45:32.000Z
261016169,"BINANCE:CHRUSDTPERP, 15m",ticker:CHRUSDTPERP;interval:15;buy:0;sell:0;buy_strong:0;sell_strong:1;close:0.4044;timenow:2021-08-23T14:45:31Z,2021-08-23T14:45:31.000Z
261015443,"BINANCE:BNBUSDTPERP, 15m",ticker:BNBUSDTPERP;interval:15;buy:0;sell:1;buy_strong:0;sell_strong:0;close:493.13;timenow:2021-08-23T14:45:30Z,2021-08-23T14:45:30.000Z
261018897,"BINANCE:EGLDUSDTPERP, 15m",ticker:EGLDUSDTPERP;interval:15;buy:0;sell:0;buy_strong:0;sell_strong:1;close:148.71;timenow:2021-08-23T14:45:30Z,2021-08-23T14:45:31.000Z
261017549,"BINANCE:TRBUSDTPERP, 15m",ticker:TRBUSDTPERP;interval:15;buy:0;sell:0;buy_strong:0;sell_strong:1;close:60.45;timenow:2021-08-23T14:45:31Z,2021-08-23T14:45:31.000Z
261016601,"BINANCE:VETUSDTPERP, 15m",ticker:VETUSDTPERP;interval:15;buy:0;sell:0;buy_strong:0;sell_strong:1;close:0.13056;timenow:2021-08-23T14:45:30Z,2021-08-23T14:45:30.000Z
261018591,"BINANCE:HOTUSDTPERP, 15m",ticker:HOTUSDTPERP;interval:15;buy:0;sell:0;buy_strong:0;sell_strong:1;close:0.011144;timenow:2021-08-23T14:45:30Z,2021-08-23T14:45:30.000Z
261018124,"BINANCE:XMRUSDTPERP, 15m",ticker:XMRUSDTPERP;interval:15;buy:0;sell:1;buy_strong:0;sell_strong:0;close:322.77;timenow:2021-08-23T14:45:30Z,2021-08-23T14:45:30.000Z
261016074,"BINANCE:TLMUSDTPERP, 15m",ticker:TLMUSDTPERP;interval:15;buy:0;sell:0;buy_strong:0;sell_strong:1;close:0.2951;timenow:2021-08-23T14:45:04Z,2021-08-23T14:45:04.000Z
261017758,"BINANCE:WAVESUSDTPERP, 15m",ticker:WAVESUSDTPERP;interval:15;buy:0;sell:0;buy_strong:0;sell_strong:1;close:25.513;timenow:2021-08-23T14:41:07Z,2021-08-23T14:41:07.000Z
261018342,"BINANCE:ICXUSDTPERP, 15m",ticker:ICXUSDTPERP;interval:15;buy:0;sell:0;buy_strong:0;sell_strong:1;close:1.5209;timenow:2021-08-23T14:41:03Z,2021-08-23T14:41:03.000Z
261018644,"BINANCE:AKROUSDTPERP, 15m",ticker:AKROUSDTPERP;interval:15;buy:0;sell:0;buy_strong:0;sell_strong:1;close:0.03687;timenow:2021-08-23T14:34:10Z,2021-08-23T14:34:10.000Z
261017943,"BINANCE:OGNUSDTPERP, 15m",ticker:OGNUSDTPERP;interval:15;buy:0;sell:0;buy_strong:0;sell_strong:1;close:1.1387;timenow:2021-08-23T14:33:46Z,2021-08-23T14:33:46.000Z
261016217,"BINANCE:THETAUSDTPERP, 15m",ticker:THETAUSDTPERP;interval:15;buy:0;sell:0;buy_strong:0;sell_strong:1;close:7.41;timenow:2021-08-23T14:33:45Z,2021-08-23T14:33:45.000Z
261016040,"BINANCE:BCHUSDTPERP, 15m",ticker:BCHUSDTPERP;interval:15;buy:0;sell:0;buy_strong:0;sell_strong:1;close:680.92;timenow:2021-08-23T14:33:38Z,2021-08-23T14:33:38.000Z
261018766,"BINANCE:ONEUSDTPERP, 15m",ticker:ONEUSDTPERP;interval:15;buy:0;sell:0;buy_strong:0;sell_strong:1;close:0.11662;timenow:2021-08-23T14:33:38Z,2021-08-23T14:33:38.000Z
261018689,"BINANCE:IOTXUSDTPERP, 15m",ticker:IOTXUSDTPERP;interval:15;buy:0;sell:0;buy_strong:0;sell_strong:1;close:0.07871;timenow:2021-08-23T14:33:37Z,2021-08-23T14:33:38.000Z
261017144,"BINANCE:DODOUSDTPERP, 15m",ticker:DODOUSDTPERP;interval:15;buy:0;sell:0;buy_strong:0;sell_strong:1;close:2.225;timenow:2021-08-23T14:33:31Z,2021-08-23T14:33:36.000Z
261015908,"BINANCE:LTCUSDTPERP, 15m",ticker:LTCUSDTPERP;interval:15;buy:0;sell:0;buy_strong:0;sell_strong:1;close:187.1;timenow:2021-08-23T14:33:31Z,2021-08-23T14:33:35.000Z
261017232,"BINANCE:QTUMUSDTPERP, 15m",ticker:QTUMUSDTPERP;interval:15;buy:0;sell:0;buy_strong:0;sell_strong:1;close:13.554;timenow:2021-08-23T14:33:31Z,2021-08-23T14:33:31.000Z
261015036,"BINANCE:ETHUSDTPERP, 15m",ticker:ETHUSDTPERP;interval:15;buy:0;sell:0;buy_strong:0;sell_strong:1;close:3310.5;timenow:2021-08-23T14:33:29Z,2021-08-23T14:33:30.000Z
261016601,"BINANCE:VETUSDTPERP, 15m",ticker:VETUSDTPERP;interval:15;buy:0;sell:0;buy_strong:0;sell_strong:1;close:0.13055;timenow:2021-08-23T14:33:29Z,2021-08-23T14:33:29.000Z
261016998,"BINANCE:XLMUSDTPERP, 15m",ticker:XLMUSDTPERP;interval:15;buy:0;sell:0;buy_strong:0;sell_strong:1;close:0.37795;timenow:2021-08-23T14:33:24Z,2021-08-23T14:33:29.000Z
261016282,"BINANCE:OCEANUSDTPERP, 15m",ticker:OCEANUSDTPERP;interval:15;buy:0;sell:0;buy_strong:0;sell_strong:1;close:0.978;timenow:2021-08-23T14:33:27Z,2021-08-23T14:33:27.000Z
261019175,"BINANCE:BLZUSDTPERP, 15m",ticker:BLZUSDTPERP;interval:15;buy:0;sell:0;buy_strong:0;sell_strong:1;close:0.26642;timenow:2021-08-23T14:33:26Z,2021-08-23T14:33:26.000Z
261017549,"BINANCE:TRBUSDTPERP, 15m",ticker:TRBUSDTPERP;interval:15;buy:0;sell:0;buy_strong:0;sell_strong:1;close:60.45;timenow:2021-08-23T14:33:26Z,2021-08-23T14:33:26.000Z
261015674,"BINANCE:LINKUSDTPERP, 15m",ticker:LINKUSDTPERP;interval:15;buy:0;sell:0;buy_strong:0;sell_strong:1;close:28.503;timenow:2021-08-23T14:33:24Z,2021-08-23T14:33:24.000Z
261015267,"BINANCE:DOGEUSDTPERP, 15m",ticker:DOGEUSDTPERP;interval:15;buy:0;sell:0;buy_strong:0;sell_strong:1;close:0.31651;timenow:2021-08-23T14:33:23Z,2021-08-23T14:33:23.000Z
261018591,"BINANCE:HOTUSDTPERP, 15m",ticker:HOTUSDTPERP;interval:15;buy:0;sell:0;buy_strong:0;sell_strong:1;close:0.011144;timenow:2021-08-23T14:33:21Z,2021-08-23T14:33:21.000Z
261016169,"BINANCE:CHRUSDTPERP, 15m",ticker:CHRUSDTPERP;interval:15;buy:0;sell:0;buy_strong:0;sell_strong:1;close:0.404;timenow:2021-08-23T14:33:21Z,2021-08-23T14:33:21.000Z
261015443,"BINANCE:BNBUSDTPERP, 15m",ticker:BNBUSDTPERP;interval:15;buy:0;sell:1;buy_strong:0;sell_strong:0;close:493.11;timenow:2021-08-23T14:33:19Z,2021-08-23T14:33:19.000Z
261015630,"BINANCE:EOSUSDTPERP, 15m",ticker:EOSUSDTPERP;interval:15;buy:0;sell:0;buy_strong:0;sell_strong:1;close:5.527;timenow:2021-08-23T14:33:21Z,2021-08-23T14:33:21.000Z
261017427,"BINANCE:COMPUSDTPERP, 15m",ticker:COMPUSDTPERP;interval:15;buy:0;sell:1;buy_strong:0;sell_strong:0;close:468.71;timenow:2021-08-23T14:33:16Z,2021-08-23T14:33:19.000Z
261018229,"BINANCE:BTTUSDTPERP, 15m",ticker:BTTUSDTPERP;interval:15;buy:0;sell:0;buy_strong:0;sell_strong:1;close:0.00444;timenow:2021-08-23T14:33:18Z,2021-08-23T14:33:18.000Z
261016074,"BINANCE:TLMUSDTPERP, 15m",ticker:TLMUSDTPERP;interval:15;buy:0;sell:0;buy_strong:0;sell_strong:1;close:0.2952;timenow:2021-08-23T14:33:18Z,2021-08-23T14:33:18.000Z
261017805,"BINANCE:LINAUSDTPERP, 15m",ticker:LINAUSDTPERP;interval:15;buy:0;sell:1;buy_strong:0;sell_strong:0;close:0.06298;timenow:2021-08-23T14:33:16Z,2021-08-23T14:33:16.000Z
261017859,"BINANCE:DASHUSDTPERP, 15m",ticker:DASHUSDTPERP;interval:15;buy:0;sell:0;buy_strong:0;sell_strong:1;close:272.27;timenow:2021-08-23T14:33:13Z,2021-08-23T14:33:15.000Z
261016559,"BINANCE:SUSHIUSDTPERP, 15m",ticker:SUSHIUSDTPERP;interval:15;buy:0;sell:0;buy_strong:0;sell_strong:1;close:13.735;timenow:2021-08-23T14:33:15Z,2021-08-23T14:33:15.000Z
261018897,"BINANCE:EGLDUSDTPERP, 15m",ticker:EGLDUSDTPERP;interval:15;buy:0;sell:0;buy_strong:0;sell_strong:1;close:148.71;timenow:2021-08-23T14:33:12Z,2021-08-23T14:33:12.000Z
261017717,"BINANCE:BAKEUSDTPERP, 15m",ticker:BAKEUSDTPERP;interval:15;buy:0;sell:0;buy_strong:0;sell_strong:1;close:3.0744;timenow:2021-08-23T14:33:11Z,2021-08-23T14:33:11.000Z
261016865,"BINANCE:TRXUSDTPERP, 15m",ticker:TRXUSDTPERP;interval:15;buy:0;sell:0;buy_strong:0;sell_strong:1;close:0.08986;timenow:2021-08-23T14:33:10Z,2021-08-23T14:33:10.000Z
261016963,"BINANCE:1000SHIBUSDTPERP, 15m",ticker:1000SHIBUSDTPERP;interval:15;buy:0;sell:0;buy_strong:0;sell_strong:1;close:0.00821;timenow:2021-08-23T14:33:09Z,2021-08-23T14:33:09.000Z
261016431,"BINANCE:UNIUSDTPERP, 15m",ticker:UNIUSDTPERP;interval:15;buy:0;sell:0;buy_strong:0;sell_strong:1;close:29.011;timenow:2021-08-23T14:33:09Z,2021-08-23T14:33:09.000Z
261015528,"BINANCE:ETCUSDTPERP, 15m",ticker:ETCUSDTPERP;interval:15;buy:0;sell:0;buy_strong:0;sell_strong:1;close:67.914;timenow:2021-08-23T14:33:08Z,2021-08-23T14:33:08.000Z
261019279,"BINANCE:YFIUSDTPERP, 15m",ticker:YFIUSDTPERP;interval:15;buy:0;sell:0;buy_strong:0;sell_strong:1;close:39984;timenow:2021-08-23T14:33:08Z,2021-08-23T14:33:08.000Z
261015725,"BINANCE:FILUSDTPERP, 15m",ticker:FILUSDTPERP;interval:15;buy:0;sell:0;buy_strong:0;sell_strong:1;close:79.664;timenow:2021-08-23T14:33:07Z,2021-08-23T14:33:08.000Z
261017186,"BINANCE:SXPUSDTPERP, 15m",ticker:SXPUSDTPERP;interval:15;buy:0;sell:0;buy_strong:0;sell_strong:1;close:3.6335;timenow:2021-08-23T14:33:07Z,2021-08-23T14:33:07.000Z
261015951,"BINANCE:CHZUSDTPERP, 15m",ticker:CHZUSDTPERP;interval:15;buy:0;sell:0;buy_strong:0;sell_strong:1;close:0.38422;timenow:2021-08-23T14:33:03Z,2021-08-23T14:33:03.000Z
261018170,"BINANCE:AUDIOUSDTPERP, 15m",ticker:AUDIOUSDTPERP;interval:15;buy:0;sell:0;buy_strong:0;sell_strong:1;close:2.9012;timenow:2021-08-23T14:33:03Z,2021-08-23T14:33:03.000Z
261018838,"BINANCE:MKRUSDTPERP, 15m",ticker:MKRUSDTPERP;interval:15;buy:0;sell:1;buy_strong:0;sell_strong:0;close:3960.4;timenow:2021-08-23T14:33:03Z,2021-08-23T14:33:03.000Z
261015134,"BINANCE:AXSUSDTPERP, 15m",ticker:AXSUSDTPERP;interval:15;buy:0;sell:0;buy_strong:0;sell_strong:1;close:76;timenow:2021-08-23T14:32:56Z,2021-08-23T14:32:57.000Z
261017986,"BINANCE:RSRUSDTPERP, 15m",ticker:RSRUSDTPERP;interval:15;buy:0;sell:0;buy_strong:0;sell_strong:1;close:0.050709;timenow:2021-08-23T14:32:54Z,2021-08-23T14:32:54.000Z
261017273,"BINANCE:1INCHUSDTPERP, 15m",ticker:1INCHUSDTPERP;interval:15;buy:0;sell:0;buy_strong:0;sell_strong:1;close:3.3898;timenow:2021-08-23T14:32:48Z,2021-08-23T14:32:48.000Z
261016461,"BINANCE:AAVEUSDTPERP, 15m",ticker:AAVEUSDTPERP;interval:15;buy:0;sell:0;buy_strong:0;sell_strong:1;close:406.48;timenow:2021-08-23T14:32:32Z,2021-08-23T14:32:32.000Z
261019493,"BINANCE:LITUSDTPERP, 15m",ticker:LITUSDTPERP;interval:15;buy:0;sell:1;buy_strong:0;sell_strong:0;close:5.664;timenow:2021-08-23T14:31:59Z,2021-08-23T14:31:59.000Z
261017678,"BINANCE:ALPHAUSDTPERP, 15m",ticker:ALPHAUSDTPERP;interval:15;buy:0;sell:0;buy_strong:0;sell_strong:1;close:1.1072;timenow:2021-08-23T14:31:58Z,2021-08-23T14:31:58.000Z
261015185,"BINANCE:XRPUSDTPERP, 15m",ticker:XRPUSDTPERP;interval:15;buy:0;sell:1;buy_strong:0;sell_strong:0;close:1.261;timenow:2021-08-23T14:31:58Z,2021-08-23T14:31:58.000Z
261015986,"BINANCE:ICPUSDTPERP, 15m",ticker:ICPUSDTPERP;interval:15;buy:0;sell:0;buy_strong:0;sell_strong:1;close:65.17;timenow:2021-08-23T14:31:55Z,2021-08-23T14:31:55.000Z
261018501,"BINANCE:BANDUSDTPERP, 15m",ticker:BANDUSDTPERP;interval:15;buy:0;sell:0;buy_strong:0;sell_strong:1;close:9.7549;timenow:2021-08-23T14:31:53Z,2021-08-23T14:31:53.000Z
261018304,"BINANCE:RLCUSDTPERP, 15m",ticker:RLCUSDTPERP;interval:15;buy:0;sell:1;buy_strong:0;sell_strong:0;close:5.1554;timenow:2021-08-23T14:31:46Z,2021-08-23T14:31:48.000Z
261015002,"BINANCE:BTCUSDTPERP, 15m",ticker:BTCUSDTPERP;interval:15;buy:0;sell:0;buy_strong:0;sell_strong:1;close:49922;timenow:2021-08-23T14:31:47Z,2021-08-23T14:31:47.000Z
261016908,"BINANCE:SNXUSDTPERP, 15m",ticker:SNXUSDTPERP;interval:15;buy:0;sell:0;buy_strong:0;sell_strong:1;close:13.819;timenow:2021-08-23T14:31:38Z,2021-08-23T14:31:38.000Z
261018539,"BINANCE:BALUSDTPERP, 15m",ticker:BALUSDTPERP;interval:15;buy:0;sell:0;buy_strong:0;sell_strong:1;close:30.778;timenow:2021-08-23T14:30:39Z,2021-08-23T14:30:39.000Z
261018124,"BINANCE:XMRUSDTPERP, 15m",ticker:XMRUSDTPERP;interval:15;buy:0;sell:1;buy_strong:0;sell_strong:0;close:322.93;timenow:2021-08-23T14:30:37Z,2021-08-23T14:30:37.000Z
261016559,"BINANCE:SUSHIUSDTPERP, 15m",ticker:SUSHIUSDTPERP;interval:15;buy:0;sell:0;buy_strong:1;sell_strong:0;close:14.086;timenow:2021-08-23T14:13:38Z,2021-08-23T14:13:38.000Z
261017758,"BINANCE:WAVESUSDTPERP, 15m",ticker:WAVESUSDTPERP;interval:15;buy:0;sell:0;buy_strong:1;sell_strong:0;close:26.195;timenow:2021-08-23T14:11:40Z,2021-08-23T14:11:40.000Z
261015220,"BINANCE:AVAXUSDTPERP, 15m",ticker:AVAXUSDTPERP;interval:15;buy:0;sell:0;buy_strong:0;sell_strong:1;close:48.302;timenow:2021-08-23T14:00:33Z,2021-08-23T14:00:33.000Z
261019279,"BINANCE:YFIUSDTPERP, 15m",ticker:YFIUSDTPERP;interval:15;buy:0;sell:0;buy_strong:1;sell_strong:0;close:40512;timenow:2021-08-23T13:59:18Z,2021-08-23T13:59:18.000Z
261018304,"BINANCE:RLCUSDTPERP, 15m",ticker:RLCUSDTPERP;interval:15;buy:0;sell:1;buy_strong:0;sell_strong:0;close:5.1551;timenow:2021-08-23T13:55:52Z,2021-08-23T13:55:52.000Z
261017758,"BINANCE:WAVESUSDTPERP, 15m",ticker:WAVESUSDTPERP;interval:15;buy:0;sell:0;buy_strong:1;sell_strong:0;close:26.198;timenow:2021-08-23T13:45:56Z,2021-08-23T13:45:56.000Z
261016768,"BINANCE:SRMUSDTPERP, 15m",ticker:SRMUSDTPERP;interval:15;buy:0;sell:0;buy_strong:1;sell_strong:0;close:7.623;timenow:2021-08-23T13:45:41Z,2021-08-23T13:45:41.000Z
261017758,"BINANCE:WAVESUSDTPERP, 15m",ticker:WAVESUSDTPERP;interval:15;buy:0;sell:0;buy_strong:1;sell_strong:0;close:26.199;timenow:2021-08-23T13:38:33Z,2021-08-23T13:38:33.000Z
261016642,"BINANCE:DENTUSDTPERP, 15m",ticker:DENTUSDTPERP;interval:15;buy:0;sell:0;buy_strong:1;sell_strong:0;close:0.007055;timenow:2021-08-23T13:30:44Z,2021-08-23T13:30:44.000Z
261018838,"BINANCE:MKRUSDTPERP, 15m",ticker:MKRUSDTPERP;interval:15;buy:0;sell:1;buy_strong:0;sell_strong:0;close:3960.8;timenow:2021-08-23T13:30:27Z,2021-08-23T13:30:27.000Z
261018539,"BINANCE:BALUSDTPERP, 15m",ticker:BALUSDTPERP;interval:15;buy:0;sell:0;buy_strong:0;sell_strong:1;close:30.771;timenow:2021-08-23T13:30:06Z,2021-08-23T13:30:06.000Z
261018539,"BINANCE:BALUSDTPERP, 15m",ticker:BALUSDTPERP;interval:15;buy:0;sell:0;buy_strong:0;sell_strong:1;close:30.761;timenow:2021-08-23T13:22:18Z,2021-08-23T13:22:18.000Z
261018838,"BINANCE:MKRUSDTPERP, 15m",ticker:MKRUSDTPERP;interval:15;buy:0;sell:1;buy_strong:0;sell_strong:0;close:3960.8;timenow:2021-08-23T13:20:17Z,2021-08-23T13:20:17.000Z
261015392,"BINANCE:MATICUSDTPERP, 15m",ticker:MATICUSDTPERP;interval:15;buy:0;sell:0;buy_strong:0;sell_strong:1;close:1.6301;timenow:2021-08-23T13:19:18Z,2021-08-23T13:19:18.000Z
261018734,"BINANCE:BELUSDTPERP, 15m",ticker:BELUSDTPERP;interval:15;buy:0;sell:0;buy_strong:0;sell_strong:1;close:2.5497;timenow:2021-08-23T13:18:47Z,2021-08-23T13:18:47.000Z
261015220,"BINANCE:AVAXUSDTPERP, 15m",ticker:AVAXUSDTPERP;interval:15;buy:0;sell:0;buy_strong:0;sell_strong:1;close:48.318;timenow:2021-08-23T13:18:42Z,2021-08-23T13:18:42.000Z
261017758,"BINANCE:WAVESUSDTPERP, 15m",ticker:WAVESUSDTPERP;interval:15;buy:0;sell:0;buy_strong:1;sell_strong:0;close:26.202;timenow:2021-08-23T13:05:35Z,2021-08-23T13:05:35.000Z
261016282,"BINANCE:OCEANUSDTPERP, 15m",ticker:OCEANUSDTPERP;interval:15;buy:0;sell:0;buy_strong:1;sell_strong:0;close:1.00391;timenow:2021-08-23T12:59:42Z,2021-08-23T12:59:42.000Z
261018689,"BINANCE:IOTXUSDTPERP, 15m",ticker:IOTXUSDTPERP;interval:15;buy:0;sell:0;buy_strong:1;sell_strong:0;close:0.08081;timenow:2021-08-23T12:52:08Z,2021-08-23T12:52:08.000Z
261015582,"BINANCE:LUNAUSDTPERP, 15m",ticker:LUNAUSDTPERP;interval:15;buy:0;sell:0;buy_strong:0;sell_strong:1;close:28.544;timenow:2021-08-23T12:46:06Z,2021-08-23T12:46:06.000Z
261019117,"BINANCE:ZENUSDTPERP, 15m",ticker:ZENUSDTPERP;interval:15;buy:0;sell:0;buy_strong:0;sell_strong:1;close:78.083;timenow:2021-08-23T12:43:29Z,2021-08-23T12:43:29.000Z
261015582,"BINANCE:LUNAUSDTPERP, 15m",ticker:LUNAUSDTPERP;interval:15;buy:0;sell:0;buy_strong:0;sell_strong:1;close:28.543;timenow:2021-08-23T12:38:44Z,2021-08-23T12:38:44.000Z
261015392,"BINANCE:MATICUSDTPERP, 15m",ticker:MATICUSDTPERP;interval:15;buy:0;sell:0;buy_strong:0;sell_strong:1;close:1.6302;timenow:2021-08-23T12:37:16Z,2021-08-23T12:37:16.000Z
261018838,"BINANCE:MKRUSDTPERP, 15m",ticker:MKRUSDTPERP;interval:15;buy:0;sell:0;buy_strong:1;sell_strong:0;close:4003.9;timenow:2021-08-23T12:09:39Z,2021-08-23T12:09:39.000Z
261015220,"BINANCE:AVAXUSDTPERP, 15m",ticker:AVAXUSDTPERP;interval:15;buy:0;sell:0;buy_strong:1;sell_strong:0;close:50.687;timenow:2021-08-23T11:36:18Z,2021-08-23T11:36:18.000Z
261015725,"BINANCE:FILUSDTPERP, 15m",ticker:FILUSDTPERP;interval:15;buy:0;sell:0;buy_strong:0;sell_strong:1;close:79.676;timenow:2021-08-23T11:18:16Z,2021-08-23T11:18:16.000Z
261019117,"BINANCE:ZENUSDTPERP, 15m",ticker:ZENUSDTPERP;interval:15;buy:0;sell:1;buy_strong:0;sell_strong:0;close:78.078;timenow:2021-08-23T11:16:58Z,2021-08-23T11:16:58.000Z
261018838,"BINANCE:MKRUSDTPERP, 15m",ticker:MKRUSDTPERP;interval:15;buy:0;sell:1;buy_strong:0;sell_strong:0;close:3963.4;timenow:2021-08-23T11:12:39Z,2021-08-23T11:12:39.000Z
261015484,"BINANCE:DOTUSDTPERP, 15m",ticker:DOTUSDTPERP;interval:15;buy:0;sell:0;buy_strong:0;sell_strong:1;close:27.816;timenow:2021-08-23T11:06:58Z,2021-08-23T11:06:58.000Z
261015772,"BINANCE:ATOMUSDTPERP, 15m",ticker:ATOMUSDTPERP;interval:15;buy:0;sell:0;buy_strong:0;sell_strong:1;close:21.813;timenow:2021-08-23T11:01:45Z,2021-08-23T11:01:45.000Z
261019454,"BINANCE:SKLUSDTPERP, 15m",ticker:SKLUSDTPERP;interval:15;buy:0;sell:0;buy_strong:0;sell_strong:1;close:0.36847;timenow:2021-08-23T10:54:52Z,2021-08-23T10:54:52.000Z
261018838,"BINANCE:MKRUSDTPERP, 15m",ticker:MKRUSDTPERP;interval:15;buy:0;sell:1;buy_strong:0;sell_strong:0;close:3962.7;timenow:2021-08-23T10:54:47Z,2021-08-23T10:54:47.000Z
261015348,"BINANCE:SOLUSDTPERP, 15m",ticker:SOLUSDTPERP;interval:15;buy:0;sell:0;buy_strong:0;sell_strong:1;close:72.89;timenow:2021-08-23T10:54:12Z,2021-08-23T10:54:12.000Z
261015772,"BINANCE:ATOMUSDTPERP, 15m",ticker:ATOMUSDTPERP;interval:15;buy:0;sell:0;buy_strong:0;sell_strong:1;close:21.813;timenow:2021-08-23T10:48:04Z,2021-08-23T10:48:04.000Z
261018379,"BINANCE:ZECUSDTPERP, 15m",ticker:ZECUSDTPERP;interval:15;buy:0;sell:1;buy_strong:0;sell_strong:0;close:162.85;timenow:2021-08-23T10:45:39Z,2021-08-23T10:45:39.000Z
261015484,"BINANCE:DOTUSDTPERP, 15m",ticker:DOTUSDTPERP;interval:15;buy:0;sell:0;buy_strong:0;sell_strong:1;close:27.814;timenow:2021-08-23T10:45:38Z,2021-08-23T10:45:38.000Z
261017678,"BINANCE:ALPHAUSDTPERP, 15m",ticker:ALPHAUSDTPERP;interval:15;buy:0;sell:0;buy_strong:0;sell_strong:1;close:1.1068;timenow:2021-08-23T10:45:29Z,2021-08-23T10:45:29.000Z
261016074,"BINANCE:TLMUSDTPERP, 15m",ticker:TLMUSDTPERP;interval:15;buy:0;sell:0;buy_strong:0;sell_strong:1;close:0.2952;timenow:2021-08-23T10:45:02Z,2021-08-23T10:45:02.000Z
261019117,"BINANCE:ZENUSDTPERP, 15m",ticker:ZENUSDTPERP;interval:15;buy:0;sell:1;buy_strong:0;sell_strong:0;close:78.067;timenow:2021-08-23T10:45:00Z,2021-08-23T10:45:00.000Z
261016074,"BINANCE:TLMUSDTPERP, 15m",ticker:TLMUSDTPERP;interval:15;buy:0;sell:0;buy_strong:0;sell_strong:1;close:0.2951;timenow:2021-08-23T10:42:50Z,2021-08-23T10:42:50.000Z
261018379,"BINANCE:ZECUSDTPERP, 15m",ticker:ZECUSDTPERP;interval:15;buy:0;sell:1;buy_strong:0;sell_strong:0;close:163;timenow:2021-08-23T10:42:49Z,2021-08-23T10:42:49.000Z
261015986,"BINANCE:ICPUSDTPERP, 15m",ticker:ICPUSDTPERP;interval:15;buy:0;sell:1;buy_strong:0;sell_strong:0;close:65.26;timenow:2021-08-23T10:42:47Z,2021-08-23T10:42:47.000Z
261016461,"BINANCE:AAVEUSDTPERP, 15m",ticker:AAVEUSDTPERP;interval:15;buy:0;sell:1;buy_strong:0;sell_strong:0;close:406.4;timenow:2021-08-23T10:42:39Z,2021-08-23T10:42:39.000Z
261019454,"BINANCE:SKLUSDTPERP, 15m",ticker:SKLUSDTPERP;interval:15;buy:0;sell:0;buy_strong:0;sell_strong:1;close:0.36835;timenow:2021-08-23T10:42:27Z,2021-08-23T10:42:27.000Z
261016431,"BINANCE:UNIUSDTPERP, 15m",ticker:UNIUSDTPERP;interval:15;buy:0;sell:1;buy_strong:0;sell_strong:0;close:29;timenow:2021-08-23T10:42:10Z,2021-08-23T10:42:10.000Z
261015348,"BINANCE:SOLUSDTPERP, 15m",ticker:SOLUSDTPERP;interval:15;buy:0;sell:0;buy_strong:0;sell_strong:1;close:72.865;timenow:2021-08-23T10:41:41Z,2021-08-23T10:41:41.000Z
261018539,"BINANCE:BALUSDTPERP, 15m",ticker:BALUSDTPERP;interval:15;buy:0;sell:0;buy_strong:0;sell_strong:1;close:30.756;timenow:2021-08-23T10:41:05Z,2021-08-23T10:41:05.000Z
261019117,"BINANCE:ZENUSDTPERP, 15m",ticker:ZENUSDTPERP;interval:15;buy:0;sell:1;buy_strong:0;sell_strong:0;close:78.074;timenow:2021-08-23T10:40:56Z,2021-08-23T10:40:56.000Z
261017678,"BINANCE:ALPHAUSDTPERP, 15m",ticker:ALPHAUSDTPERP;interval:15;buy:0;sell:0;buy_strong:0;sell_strong:1;close:1.1069;timenow:2021-08-23T10:40:44Z,2021-08-23T10:40:44.000Z
261015484,"BINANCE:DOTUSDTPERP, 15m",ticker:DOTUSDTPERP;interval:15;buy:0;sell:0;buy_strong:0;sell_strong:1;close:27.814;timenow:2021-08-23T10:39:57Z,2021-08-23T10:39:57.000Z
261019279,"BINANCE:YFIUSDTPERP, 15m",ticker:YFIUSDTPERP;interval:15;buy:0;sell:1;buy_strong:0;sell_strong:0;close:40020;timenow:2021-08-23T10:38:51Z,2021-08-23T10:38:51.000Z
261015772,"BINANCE:ATOMUSDTPERP, 15m",ticker:ATOMUSDTPERP;interval:15;buy:0;sell:0;buy_strong:0;sell_strong:1;close:21.812;timenow:2021-08-23T10:37:57Z,2021-08-23T10:37:58.000Z
261015582,"BINANCE:LUNAUSDTPERP, 15m",ticker:LUNAUSDTPERP;interval:15;buy:0;sell:1;buy_strong:0;sell_strong:0;close:28.504;timenow:2021-08-23T10:33:53Z,2021-08-23T10:33:53.000Z
261016731,"BINANCE:ALGOUSDTPERP, 15m",ticker:ALGOUSDTPERP;interval:15;buy:0;sell:0;buy_strong:0;sell_strong:1;close:1.1589;timenow:2021-08-23T10:33:37Z,2021-08-23T10:33:37.000Z
261018419,"BINANCE:RVNUSDTPERP, 15m",ticker:RVNUSDTPERP;interval:15;buy:0;sell:1;buy_strong:0;sell_strong:0;close:0.15022;timenow:2021-08-23T10:32:53Z,2021-08-23T10:32:53.000Z
261015309,"BINANCE:ALICEUSDTPERP, 15m",ticker:ALICEUSDTPERP;interval:15;buy:0;sell:1;buy_strong:0;sell_strong:0;close:17.427;timenow:2021-08-23T10:31:47Z,2021-08-23T10:31:47.000Z
261016385,"BINANCE:FTMUSDTPERP, 15m",ticker:FTMUSDTPERP;interval:15;buy:0;sell:0;buy_strong:0;sell_strong:1;close:0.56156;timenow:2021-08-23T10:31:34Z,2021-08-23T10:31:34.000Z
261016731,"BINANCE:ALGOUSDTPERP, 15m",ticker:ALGOUSDTPERP;interval:15;buy:0;sell:0;buy_strong:0;sell_strong:1;close:1.1589;timenow:2021-08-23T10:21:16Z,2021-08-23T10:21:16.000Z
261015582,"BINANCE:LUNAUSDTPERP, 15m",ticker:LUNAUSDTPERP;interval:15;buy:0;sell:1;buy_strong:0;sell_strong:0;close:28.5;timenow:2021-08-23T10:20:59Z,2021-08-23T10:20:59.000Z
261015772,"BINANCE:ATOMUSDTPERP, 15m",ticker:ATOMUSDTPERP;interval:15;buy:0;sell:0;buy_strong:0;sell_strong:1;close:21.809;timenow:2021-08-23T10:20:54Z,2021-08-23T10:20:54.000Z
261018419,"BINANCE:RVNUSDTPERP, 15m",ticker:RVNUSDTPERP;interval:15;buy:0;sell:1;buy_strong:0;sell_strong:0;close:0.15019;timenow:2021-08-23T10:20:53Z,2021-08-23T10:20:53.000Z
261016385,"BINANCE:FTMUSDTPERP, 15m",ticker:FTMUSDTPERP;interval:15;buy:0;sell:0;buy_strong:0;sell_strong:1;close:0.56152;timenow:2021-08-23T10:20:44Z,2021-08-23T10:20:44.000Z
261015309,"BINANCE:ALICEUSDTPERP, 15m",ticker:ALICEUSDTPERP;interval:15;buy:0;sell:1;buy_strong:0;sell_strong:0;close:17.425;timenow:2021-08-23T10:20:37Z,2021-08-23T10:20:37.000Z
261015484,"BINANCE:DOTUSDTPERP, 15m",ticker:DOTUSDTPERP;interval:15;buy:0;sell:0;buy_strong:0;sell_strong:1;close:27.8;timenow:2021-08-23T10:11:18Z,2021-08-23T10:11:18.000Z
261016385,"BINANCE:FTMUSDTPERP, 15m",ticker:FTMUSDTPERP;interval:15;buy:0;sell:0;buy_strong:0;sell_strong:1;close:0.56133;timenow:2021-08-23T10:11:17Z,2021-08-23T10:11:17.000Z
261019279,"BINANCE:YFIUSDTPERP, 15m",ticker:YFIUSDTPERP;interval:15;buy:0;sell:1;buy_strong:0;sell_strong:0;close:40014;timenow:2021-08-23T10:11:17Z,2021-08-23T10:11:17.000Z
261018838,"BINANCE:MKRUSDTPERP, 15m",ticker:MKRUSDTPERP;interval:15;buy:0;sell:1;buy_strong:0;sell_strong:0;close:3963.9;timenow:2021-08-23T10:09:32Z,2021-08-23T10:09:32.000Z
261018379,"BINANCE:ZECUSDTPERP, 15m",ticker:ZECUSDTPERP;interval:15;buy:0;sell:1;buy_strong:0;sell_strong:0;close:163.06;timenow:2021-08-23T10:09:29Z,2021-08-23T10:09:29.000Z
261016731,"BINANCE:ALGOUSDTPERP, 15m",ticker:ALGOUSDTPERP;interval:15;buy:0;sell:0;buy_strong:0;sell_strong:1;close:1.1587;timenow:2021-08-23T10:09:18Z,2021-08-23T10:09:18.000Z
261016282,"BINANCE:OCEANUSDTPERP, 15m",ticker:OCEANUSDTPERP;interval:15;buy:0;sell:1;buy_strong:0;sell_strong:0;close:0.98569;timenow:2021-08-23T10:07:15Z,2021-08-23T10:07:15.000Z
261017505,"BINANCE:CTKUSDTPERP, 15m",ticker:CTKUSDTPERP;interval:15;buy:0;sell:0;buy_strong:1;sell_strong:0;close:2.273;timenow:2021-08-23T09:36:02Z,2021-08-23T09:36:02.000Z
261017505,"BINANCE:CTKUSDTPERP, 15m",ticker:CTKUSDTPERP;interval:15;buy:0;sell:0;buy_strong:1;sell_strong:0;close:2.273;timenow:2021-08-23T09:18:27Z,2021-08-23T09:18:27.000Z
261016040,"BINANCE:BCHUSDTPERP, 15m",ticker:BCHUSDTPERP;interval:15;buy:0;sell:0;buy_strong:1;sell_strong:0;close:689.04;timenow:2021-08-23T09:18:21Z,2021-08-23T09:18:22.000Z
261015908,"BINANCE:LTCUSDTPERP, 15m",ticker:LTCUSDTPERP;interval:15;buy:0;sell:0;buy_strong:1;sell_strong:0;close:189.88;timenow:2021-08-23T09:02:19Z,2021-08-23T09:02:19.000Z
261015908,"BINANCE:LTCUSDTPERP, 15m",ticker:LTCUSDTPERP;interval:15;buy:0;sell:0;buy_strong:1;sell_strong:0;close:189.83;timenow:2021-08-23T08:58:34Z,2021-08-23T08:58:34.000Z
261015865,"BINANCE:RUNEUSDTPERP, 15m",ticker:RUNEUSDTPERP;interval:15;buy:0;sell:0;buy_strong:1;sell_strong:0;close:11.536;timenow:2021-08-23T08:45:17Z,2021-08-23T08:45:17.000Z
261015865,"BINANCE:RUNEUSDTPERP, 15m",ticker:RUNEUSDTPERP;interval:15;buy:0;sell:0;buy_strong:1;sell_strong:0;close:11.545;timenow:2021-08-23T08:41:22Z,2021-08-23T08:41:22.000Z
261016998,"BINANCE:XLMUSDTPERP, 15m",ticker:XLMUSDTPERP;interval:15;buy:0;sell:0;buy_strong:1;sell_strong:0;close:0.38068;timenow:2021-08-23T08:33:34Z,2021-08-23T08:33:34.000Z
261017505,"BINANCE:CTKUSDTPERP, 15m",ticker:CTKUSDTPERP;interval:15;buy:0;sell:0;buy_strong:1;sell_strong:0;close:2.273;timenow:2021-08-23T08:10:06Z,2021-08-23T08:10:06.000Z
261015392,"BINANCE:MATICUSDTPERP, 15m",ticker:MATICUSDTPERP;interval:15;buy:0;sell:1;buy_strong:0;sell_strong:0;close:1.6279;timenow:2021-08-23T07:18:58Z,2021-08-23T07:18:58.000Z
261015908,"BINANCE:LTCUSDTPERP, 15m",ticker:LTCUSDTPERP;interval:15;buy:0;sell:1;buy_strong:0;sell_strong:0;close:187.22;timenow:2021-08-23T07:11:21Z,2021-08-23T07:11:21.000Z
261016040,"BINANCE:BCHUSDTPERP, 15m",ticker:BCHUSDTPERP;interval:15;buy:0;sell:1;buy_strong:0;sell_strong:0;close:681.15;timenow:2021-08-23T07:06:13Z,2021-08-23T07:06:13.000Z
261016040,"BINANCE:BCHUSDTPERP, 15m",ticker:BCHUSDTPERP;interval:15;buy:0;sell:1;buy_strong:0;sell_strong:0;close:681.13;timenow:2021-08-23T06:54:20Z,2021-08-23T06:54:20.000Z
261017427,"BINANCE:COMPUSDTPERP, 15m",ticker:COMPUSDTPERP;interval:15;buy:0;sell:1;buy_strong:0;sell_strong:0;close:461.14;timenow:2021-08-23T06:39:54Z,2021-08-23T06:39:54.000Z
261016821,"BINANCE:MANAUSDTPERP, 15m",ticker:MANAUSDTPERP;interval:15;buy:0;sell:1;buy_strong:0;sell_strong:0;close:0.8918;timenow:2021-08-23T06:29:55Z,2021-08-23T06:29:55.000Z
261016559,"BINANCE:SUSHIUSDTPERP, 15m",ticker:SUSHIUSDTPERP;interval:15;buy:0;sell:1;buy_strong:0;sell_strong:0;close:13.801;timenow:2021-08-23T06:29:37Z,2021-08-23T06:29:37.000Z
261016768,"BINANCE:SRMUSDTPERP, 15m",ticker:SRMUSDTPERP;interval:15;buy:0;sell:1;buy_strong:0;sell_strong:0;close:7.428;timenow:2021-08-23T06:29:35Z,2021-08-23T06:29:35.000Z
261015865,"BINANCE:RUNEUSDTPERP, 15m",ticker:RUNEUSDTPERP;interval:15;buy:0;sell:1;buy_strong:0;sell_strong:0;close:11.15;timenow:2021-08-23T06:29:32Z,2021-08-23T06:29:32.000Z
261016998,"BINANCE:XLMUSDTPERP, 15m",ticker:XLMUSDTPERP;interval:15;buy:0;sell:1;buy_strong:0;sell_strong:0;close:0.37615;timenow:2021-08-23T06:29:26Z,2021-08-23T06:29:26.000Z
261018689,"BINANCE:IOTXUSDTPERP, 15m",ticker:IOTXUSDTPERP;interval:15;buy:0;sell:1;buy_strong:0;sell_strong:0;close:0.07851;timenow:2021-08-23T06:29:26Z,2021-08-23T06:29:26.000Z
261016114,"BINANCE:NEARUSDTPERP, 15m",ticker:NEARUSDTPERP;interval:15;buy:0;sell:1;buy_strong:0;sell_strong:0;close:5.5681;timenow:2021-08-23T06:20:14Z,2021-08-23T06:20:14.000Z
261015813,"BINANCE:SANDUSDTPERP, 15m",ticker:SANDUSDTPERP;interval:15;buy:0;sell:1;buy_strong:0;sell_strong:0;close:0.66682;timenow:2021-08-23T06:19:47Z,2021-08-23T06:19:47.000Z
261017088,"BINANCE:KSMUSDTPERP, 15m",ticker:KSMUSDTPERP;interval:15;buy:0;sell:1;buy_strong:0;sell_strong:0;close:332.52;timenow:2021-08-23T06:19:15Z,2021-08-23T06:19:15.000Z
261016683,"BINANCE:GRTUSDTPERP, 15m",ticker:GRTUSDTPERP;interval:15;buy:0;sell:1;buy_strong:0;sell_strong:0;close:1.04153;timenow:2021-08-23T06:19:15Z,2021-08-23T06:19:15.000Z
261016642,"BINANCE:DENTUSDTPERP, 15m",ticker:DENTUSDTPERP;interval:15;buy:0;sell:1;buy_strong:0;sell_strong:0;close:0.006847;timenow:2021-08-23T06:19:14Z,2021-08-23T06:19:14.000Z
261017036,"BINANCE:CRVUSDTPERP, 15m",ticker:CRVUSDTPERP;interval:15;buy:0;sell:1;buy_strong:0;sell_strong:0;close:2.443;timenow:2021-08-23T06:18:07Z,2021-08-23T06:18:07.000Z
261018075,"BINANCE:REEFUSDTPERP, 15m",ticker:REEFUSDTPERP;interval:15;buy:0;sell:0;buy_strong:0;sell_strong:1;close:0.025238;timenow:2021-08-23T06:15:07Z,2021-08-23T06:15:07.000Z
261018075,"BINANCE:REEFUSDTPERP, 15m",ticker:REEFUSDTPERP;interval:15;buy:0;sell:0;buy_strong:0;sell_strong:1;close:0.025231;timenow:2021-08-23T06:09:50Z,2021-08-23T06:09:50.000Z
261018501,"BINANCE:BANDUSDTPERP, 15m",ticker:BANDUSDTPERP;interval:15;buy:0;sell:0;buy_strong:1;sell_strong:0;close:9.9868;timenow:2021-08-23T06:03:44Z,2021-08-23T06:03:44.000Z
261019229,"BINANCE:LRCUSDTPERP, 15m",ticker:LRCUSDTPERP;interval:15;buy:1;sell:0;buy_strong:0;sell_strong:0;close:0.54422;timenow:2021-08-23T05:56:22Z,2021-08-23T05:56:22.000Z
261018075,"BINANCE:REEFUSDTPERP, 15m",ticker:REEFUSDTPERP;interval:15;buy:0;sell:0;buy_strong:0;sell_strong:1;close:0.025237;timenow:2021-08-23T05:53:44Z,2021-08-23T05:53:44.000Z
261017036,"BINANCE:CRVUSDTPERP, 15m",ticker:CRVUSDTPERP;interval:15;buy:0;sell:1;buy_strong:0;sell_strong:0;close:2.443;timenow:2021-08-23T05:53:40Z,2021-08-23T05:53:40.000Z
261017088,"BINANCE:KSMUSDTPERP, 15m",ticker:KSMUSDTPERP;interval:15;buy:0;sell:1;buy_strong:0;sell_strong:0;close:332.51;timenow:2021-08-23T05:52:57Z,2021-08-23T05:52:57.000Z
261016683,"BINANCE:GRTUSDTPERP, 15m",ticker:GRTUSDTPERP;interval:15;buy:0;sell:1;buy_strong:0;sell_strong:0;close:1.04166;timenow:2021-08-23T05:51:37Z,2021-08-23T05:51:37.000Z
261019454,"BINANCE:SKLUSDTPERP, 15m",ticker:SKLUSDTPERP;interval:15;buy:1;sell:0;buy_strong:0;sell_strong:0;close:0.38475;timenow:2021-08-23T05:42:26Z,2021-08-23T05:42:26.000Z
261016114,"BINANCE:NEARUSDTPERP, 15m",ticker:NEARUSDTPERP;interval:15;buy:0;sell:1;buy_strong:0;sell_strong:0;close:5.5709;timenow:2021-08-23T05:37:37Z,2021-08-23T05:37:37.000Z
261017036,"BINANCE:CRVUSDTPERP, 15m",ticker:CRVUSDTPERP;interval:15;buy:0;sell:1;buy_strong:0;sell_strong:0;close:2.442;timenow:2021-08-23T05:37:10Z,2021-08-23T05:37:10.000Z
261016114,"BINANCE:NEARUSDTPERP, 15m",ticker:NEARUSDTPERP;interval:15;buy:0;sell:1;buy_strong:0;sell_strong:0;close:5.5602;timenow:2021-08-23T05:23:52Z,2021-08-23T05:23:52.000Z
261018501,"BINANCE:BANDUSDTPERP, 15m",ticker:BANDUSDTPERP;interval:15;buy:0;sell:0;buy_strong:1;sell_strong:0;close:9.9862;timenow:2021-08-23T05:21:17Z,2021-08-23T05:21:17.000Z
261017505,"BINANCE:CTKUSDTPERP, 15m",ticker:CTKUSDTPERP;interval:15;buy:0;sell:0;buy_strong:1;sell_strong:0;close:2.274;timenow:2021-08-23T05:19:35Z,2021-08-23T05:19:35.000Z
261018985,"BINANCE:KEEPUSDTPERP, 15m",ticker:KEEPUSDTPERP;interval:15;buy:1;sell:0;buy_strong:0;sell_strong:0;close:0.4474;timenow:2021-08-23T05:00:33Z,2021-08-23T05:00:33.000Z
261015220,"BINANCE:AVAXUSDTPERP, 15m",ticker:AVAXUSDTPERP;interval:15;buy:0;sell:1;buy_strong:0;sell_strong:0;close:48.814;timenow:2021-08-23T04:09:13Z,2021-08-23T04:09:13.000Z
261017986,"BINANCE:RSRUSDTPERP, 15m",ticker:RSRUSDTPERP;interval:15;buy:0;sell:0;buy_strong:1;sell_strong:0;close:0.05245;timenow:2021-08-23T04:08:52Z,2021-08-23T04:08:52.000Z
261018766,"BINANCE:ONEUSDTPERP, 15m",ticker:ONEUSDTPERP;interval:15;buy:0;sell:0;buy_strong:1;sell_strong:0;close:0.12015;timenow:2021-08-23T04:00:00Z,2021-08-23T04:00:00.000Z
261018985,"BINANCE:KEEPUSDTPERP, 15m",ticker:KEEPUSDTPERP;interval:15;buy:0;sell:0;buy_strong:1;sell_strong:0;close:0.4477;timenow:2021-08-23T03:51:44Z,2021-08-23T03:51:44.000Z
261018591,"BINANCE:HOTUSDTPERP, 15m",ticker:HOTUSDTPERP;interval:15;buy:0;sell:0;buy_strong:1;sell_strong:0;close:0.011291;timenow:2021-08-23T03:51:13Z,2021-08-23T03:51:13.000Z
261018766,"BINANCE:ONEUSDTPERP, 15m",ticker:ONEUSDTPERP;interval:15;buy:0;sell:0;buy_strong:1;sell_strong:0;close:0.12017;timenow:2021-08-23T03:48:25Z,2021-08-23T03:48:25.000Z
261017331,"BINANCE:COTIUSDTPERP, 15m",ticker:COTIUSDTPERP;interval:15;buy:0;sell:0;buy_strong:1;sell_strong:0;close:0.31064;timenow:2021-08-23T03:45:09Z,2021-08-23T03:45:09.000Z
261017331,"BINANCE:COTIUSDTPERP, 15m",ticker:COTIUSDTPERP;interval:15;buy:0;sell:0;buy_strong:1;sell_strong:0;close:0.31061;timenow:2021-08-23T03:44:36Z,2021-08-23T03:44:36.000Z
261018501,"BINANCE:BANDUSDTPERP, 15m",ticker:BANDUSDTPERP;interval:15;buy:0;sell:1;buy_strong:0;sell_strong:0;close:9.7211;timenow:2021-08-23T03:20:04Z,2021-08-23T03:20:04.000Z
261018985,"BINANCE:KEEPUSDTPERP, 15m",ticker:KEEPUSDTPERP;interval:15;buy:0;sell:1;buy_strong:0;sell_strong:0;close:0.4374;timenow:2021-08-23T03:16:10Z,2021-08-23T03:16:10.000Z
261018766,"BINANCE:ONEUSDTPERP, 15m",ticker:ONEUSDTPERP;interval:15;buy:0;sell:0;buy_strong:1;sell_strong:0;close:0.12033;timenow:2021-08-23T03:09:30Z,2021-08-23T03:09:30.000Z
261017894,"BINANCE:HNTUSDTPERP, 15m",ticker:HNTUSDTPERP;interval:15;buy:0;sell:0;buy_strong:1;sell_strong:0;close:23.963;timenow:2021-08-23T03:08:30Z,2021-08-23T03:08:30.000Z
261017331,"BINANCE:COTIUSDTPERP, 15m",ticker:COTIUSDTPERP;interval:15;buy:0;sell:0;buy_strong:1;sell_strong:0;close:0.31072;timenow:2021-08-23T03:04:25Z,2021-08-23T03:04:25.000Z
261018591,"BINANCE:HOTUSDTPERP, 15m",ticker:HOTUSDTPERP;interval:15;buy:0;sell:0;buy_strong:1;sell_strong:0;close:0.011298;timenow:2021-08-23T03:00:26Z,2021-08-23T03:00:26.000Z
261018591,"BINANCE:HOTUSDTPERP, 15m",ticker:HOTUSDTPERP;interval:15;buy:0;sell:0;buy_strong:1;sell_strong:0;close:0.0113;timenow:2021-08-23T02:51:51Z,2021-08-23T02:51:53.000Z
261016963,"BINANCE:1000SHIBUSDTPERP, 15m",ticker:1000SHIBUSDTPERP;interval:15;buy:0;sell:0;buy_strong:1;sell_strong:0;close:0.008279;timenow:2021-08-23T02:49:46Z,2021-08-23T02:49:46.000Z
261015348,"BINANCE:SOLUSDTPERP, 15m",ticker:SOLUSDTPERP;interval:15;buy:0;sell:0;buy_strong:1;sell_strong:0;close:73.916;timenow:2021-08-23T02:48:51Z,2021-08-23T02:48:52.000Z
261017717,"BINANCE:BAKEUSDTPERP, 15m",ticker:BAKEUSDTPERP;interval:15;buy:0;sell:0;buy_strong:0;sell_strong:1;close:3.0319;timenow:2021-08-23T02:43:11Z,2021-08-23T02:43:11.000Z
261017427,"BINANCE:COMPUSDTPERP, 15m",ticker:COMPUSDTPERP;interval:15;buy:0;sell:0;buy_strong:1;sell_strong:0;close:462.3;timenow:2021-08-23T02:40:45Z,2021-08-23T02:40:45.000Z
261016731,"BINANCE:ALGOUSDTPERP, 15m",ticker:ALGOUSDTPERP;interval:15;buy:0;sell:0;buy_strong:1;sell_strong:0;close:1.1661;timenow:2021-08-23T02:29:00Z,2021-08-23T02:29:00.000Z
261015348,"BINANCE:SOLUSDTPERP, 15m",ticker:SOLUSDTPERP;interval:15;buy:0;sell:0;buy_strong:1;sell_strong:0;close:73.929;timenow:2021-08-23T02:17:10Z,2021-08-23T02:17:10.000Z
261017717,"BINANCE:BAKEUSDTPERP, 15m",ticker:BAKEUSDTPERP;interval:15;buy:0;sell:0;buy_strong:0;sell_strong:1;close:3.0323;timenow:2021-08-23T02:15:01Z,2021-08-23T02:15:01.000Z
261017717,"BINANCE:BAKEUSDTPERP, 15m",ticker:BAKEUSDTPERP;interval:15;buy:0;sell:0;buy_strong:0;sell_strong:1;close:3.0287;timenow:2021-08-23T02:10:01Z,2021-08-23T02:10:01.000Z
261019454,"BINANCE:SKLUSDTPERP, 15m",ticker:SKLUSDTPERP;interval:15;buy:0;sell:0;buy_strong:0;sell_strong:1;close:0.37449;timenow:2021-08-23T02:02:01Z,2021-08-23T02:02:01.000Z
261016963,"BINANCE:1000SHIBUSDTPERP, 15m",ticker:1000SHIBUSDTPERP;interval:15;buy:0;sell:0;buy_strong:1;sell_strong:0;close:0.008281;timenow:2021-08-23T02:00:04Z,2021-08-23T02:00:04.000Z
261016169,"BINANCE:CHRUSDTPERP, 15m",ticker:CHRUSDTPERP;interval:15;buy:0;sell:0;buy_strong:1;sell_strong:0;close:0.4065;timenow:2021-08-23T01:55:37Z,2021-08-23T01:55:37.000Z
261019454,"BINANCE:SKLUSDTPERP, 15m",ticker:SKLUSDTPERP;interval:15;buy:0;sell:0;buy_strong:0;sell_strong:1;close:0.37454;timenow:2021-08-23T01:54:31Z,2021-08-23T01:54:31.000Z
261015348,"BINANCE:SOLUSDTPERP, 15m",ticker:SOLUSDTPERP;interval:15;buy:0;sell:0;buy_strong:1;sell_strong:0;close:73.931;timenow:2021-08-23T01:53:52Z,2021-08-23T01:53:52.000Z
261015951,"BINANCE:CHZUSDTPERP, 15m",ticker:CHZUSDTPERP;interval:15;buy:0;sell:0;buy_strong:1;sell_strong:0;close:0.38353;timenow:2021-08-23T01:50:07Z,2021-08-23T01:50:07.000Z
261016731,"BINANCE:ALGOUSDTPERP, 15m",ticker:ALGOUSDTPERP;interval:15;buy:0;sell:0;buy_strong:1;sell_strong:0;close:1.1664;timenow:2021-08-23T01:47:58Z,2021-08-23T01:47:58.000Z
261016963,"BINANCE:1000SHIBUSDTPERP, 15m",ticker:1000SHIBUSDTPERP;interval:15;buy:0;sell:0;buy_strong:1;sell_strong:0;close:0.008281;timenow:2021-08-23T01:45:00Z,2021-08-23T01:45:00.000Z
261016963,"BINANCE:1000SHIBUSDTPERP, 15m",ticker:1000SHIBUSDTPERP;interval:15;buy:0;sell:0;buy_strong:1;sell_strong:0;close:0.00828;timenow:2021-08-23T01:44:47Z,2021-08-23T01:44:47.000Z
261016282,"BINANCE:OCEANUSDTPERP, 15m",ticker:OCEANUSDTPERP;interval:15;buy:0;sell:0;buy_strong:1;sell_strong:0;close:0.97531;timenow:2021-08-23T01:39:43Z,2021-08-23T01:39:43.000Z
261015348,"BINANCE:SOLUSDTPERP, 15m",ticker:SOLUSDTPERP;interval:15;buy:0;sell:0;buy_strong:1;sell_strong:0;close:73.939;timenow:2021-08-23T01:30:42Z,2021-08-23T01:30:42.000Z
261015348,"BINANCE:SOLUSDTPERP, 15m",ticker:SOLUSDTPERP;interval:15;buy:0;sell:0;buy_strong:1;sell_strong:0;close:73.936;timenow:2021-08-23T01:23:03Z,2021-08-23T01:23:03.000Z
261019175,"BINANCE:BLZUSDTPERP, 15m",ticker:BLZUSDTPERP;interval:15;buy:0;sell:0;buy_strong:1;sell_strong:0;close:0.25966;timenow:2021-08-23T01:21:21Z,2021-08-23T01:21:21.000Z
261017331,"BINANCE:COTIUSDTPERP, 15m",ticker:COTIUSDTPERP;interval:15;buy:0;sell:0;buy_strong:1;sell_strong:0;close:0.31133;timenow:2021-08-23T01:00:02Z,2021-08-23T01:00:02.000Z
261017331,"BINANCE:COTIUSDTPERP, 15m",ticker:COTIUSDTPERP;interval:15;buy:0;sell:0;buy_strong:1;sell_strong:0;close:0.31118;timenow:2021-08-23T00:45:28Z,2021-08-23T00:45:28.000Z
261017331,"BINANCE:COTIUSDTPERP, 15m",ticker:COTIUSDTPERP;interval:15;buy:0;sell:0;buy_strong:1;sell_strong:0;close:0.31118;timenow:2021-08-23T00:44:31Z,2021-08-23T00:44:31.000Z
261018985,"BINANCE:KEEPUSDTPERP, 15m",ticker:KEEPUSDTPERP;interval:15;buy:0;sell:1;buy_strong:0;sell_strong:0;close:0.4362;timenow:2021-08-23T00:32:36Z,2021-08-23T00:32:36.000Z
261019454,"BINANCE:SKLUSDTPERP, 15m",ticker:SKLUSDTPERP;interval:15;buy:0;sell:1;buy_strong:0;sell_strong:0;close:0.37414;timenow:2021-08-23T00:31:59Z,2021-08-23T00:31:59.000Z
261015772,"BINANCE:ATOMUSDTPERP, 15m",ticker:ATOMUSDTPERP;interval:15;buy:0;sell:0;buy_strong:1;sell_strong:0;close:22.143;timenow:2021-08-23T00:25:50Z,2021-08-23T00:25:50.000Z
261017331,"BINANCE:COTIUSDTPERP, 15m",ticker:COTIUSDTPERP;interval:15;buy:0;sell:0;buy_strong:1;sell_strong:0;close:0.31128;timenow:2021-08-23T00:23:14Z,2021-08-23T00:23:14.000Z
261019454,"BINANCE:SKLUSDTPERP, 15m",ticker:SKLUSDTPERP;interval:15;buy:0;sell:1;buy_strong:0;sell_strong:0;close:0.37359;timenow:2021-08-23T00:21:56Z,2021-08-23T00:21:56.000Z
261016114,"BINANCE:NEARUSDTPERP, 15m",ticker:NEARUSDTPERP;interval:15;buy:0;sell:0;buy_strong:1;sell_strong:0;close:5.7146;timenow:2021-08-23T00:20:58Z,2021-08-23T00:20:58.000Z
261015865,"BINANCE:RUNEUSDTPERP, 15m",ticker:RUNEUSDTPERP;interval:15;buy:0;sell:0;buy_strong:1;sell_strong:0;close:10.768;timenow:2021-08-23T00:17:10Z,2021-08-23T00:17:10.000Z
261019175,"BINANCE:BLZUSDTPERP, 15m",ticker:BLZUSDTPERP;interval:15;buy:0;sell:0;buy_strong:1;sell_strong:0;close:0.25991;timenow:2021-08-23T00:15:08Z,2021-08-23T00:15:08.000Z
261019279,"BINANCE:YFIUSDTPERP, 15m",ticker:YFIUSDTPERP;interval:15;buy:0;sell:0;buy_strong:1;sell_strong:0;close:39685;timenow:2021-08-23T00:05:15Z,2021-08-23T00:05:15.000Z
261016642,"BINANCE:DENTUSDTPERP, 15m",ticker:DENTUSDTPERP;interval:15;buy:0;sell:0;buy_strong:1;sell_strong:0;close:0.006961;timenow:2021-08-23T00:02:42Z,2021-08-23T00:02:42.000Z
261019175,"BINANCE:BLZUSDTPERP, 15m",ticker:BLZUSDTPERP;interval:15;buy:0;sell:0;buy_strong:1;sell_strong:0;close:0.25988;timenow:2021-08-23T00:02:26Z,2021-08-23T00:02:26.000Z
261016333,"BINANCE:KAVAUSDTPERP, 15m",ticker:KAVAUSDTPERP;interval:15;buy:0;sell:0;buy_strong:1;sell_strong:0;close:8.6042;timenow:2021-08-23T00:01:06Z,2021-08-23T00:01:06.000Z
261019279,"BINANCE:YFIUSDTPERP, 15m",ticker:YFIUSDTPERP;interval:15;buy:1;sell:0;buy_strong:0;sell_strong:0;close:39686;timenow:2021-08-22T23:43:00Z,2021-08-22T23:43:00.000Z
261019229,"BINANCE:LRCUSDTPERP, 15m",ticker:LRCUSDTPERP;interval:15;buy:0;sell:1;buy_strong:0;sell_strong:0;close:0.55196;timenow:2021-08-22T23:36:02Z,2021-08-22T23:36:02.000Z
261018031,"BINANCE:IOSTUSDTPERP, 15m",ticker:IOSTUSDTPERP;interval:15;buy:0;sell:0;buy_strong:1;sell_strong:0;close:0.037183;timenow:2021-08-22T23:30:07Z,2021-08-22T23:30:07.000Z
261019493,"BINANCE:LITUSDTPERP, 15m",ticker:LITUSDTPERP;interval:15;buy:0;sell:0;buy_strong:1;sell_strong:0;close:5.22;timenow:2021-08-22T23:30:03Z,2021-08-22T23:30:03.000Z
261016821,"BINANCE:MANAUSDTPERP, 15m",ticker:MANAUSDTPERP;interval:15;buy:0;sell:0;buy_strong:1;sell_strong:0;close:0.8863;timenow:2021-08-22T23:29:07Z,2021-08-22T23:29:07.000Z
261015348,"BINANCE:SOLUSDTPERP, 15m",ticker:SOLUSDTPERP;interval:15;buy:1;sell:0;buy_strong:0;sell_strong:0;close:73.94;timenow:2021-08-22T23:27:25Z,2021-08-22T23:27:25.000Z
261016385,"BINANCE:FTMUSDTPERP, 15m",ticker:FTMUSDTPERP;interval:15;buy:0;sell:0;buy_strong:1;sell_strong:0;close:0.56019;timenow:2021-08-22T23:26:11Z,2021-08-22T23:26:11.000Z
261015309,"BINANCE:ALICEUSDTPERP, 15m",ticker:ALICEUSDTPERP;interval:15;buy:0;sell:0;buy_strong:1;sell_strong:0;close:16.43;timenow:2021-08-22T23:25:55Z,2021-08-22T23:25:55.000Z
261018031,"BINANCE:IOSTUSDTPERP, 15m",ticker:IOSTUSDTPERP;interval:15;buy:0;sell:0;buy_strong:1;sell_strong:0;close:0.037183;timenow:2021-08-22T23:24:37Z,2021-08-22T23:24:37.000Z
261015582,"BINANCE:LUNAUSDTPERP, 15m",ticker:LUNAUSDTPERP;interval:15;buy:0;sell:0;buy_strong:1;sell_strong:0;close:27.515;timenow:2021-08-22T23:21:25Z,2021-08-22T23:21:25.000Z
261016642,"BINANCE:DENTUSDTPERP, 15m",ticker:DENTUSDTPERP;interval:15;buy:0;sell:0;buy_strong:1;sell_strong:0;close:0.006963;timenow:2021-08-22T23:20:52Z,2021-08-22T23:20:52.000Z
261019493,"BINANCE:LITUSDTPERP, 15m",ticker:LITUSDTPERP;interval:15;buy:0;sell:0;buy_strong:1;sell_strong:0;close:5.221;timenow:2021-08-22T23:20:45Z,2021-08-22T23:20:45.000Z
261018229,"BINANCE:BTTUSDTPERP, 15m",ticker:BTTUSDTPERP;interval:15;buy:0;sell:0;buy_strong:1;sell_strong:0;close:0.004352;timenow:2021-08-22T23:18:12Z,2021-08-22T23:18:12.000Z
261018170,"BINANCE:AUDIOUSDTPERP, 15m",ticker:AUDIOUSDTPERP;interval:15;buy:1;sell:0;buy_strong:0;sell_strong:0;close:2.8147;timenow:2021-08-22T23:17:08Z,2021-08-22T23:17:08.000Z
261018942,"BINANCE:FLMUSDTPERP, 15m",ticker:FLMUSDTPERP;interval:15;buy:0;sell:0;buy_strong:1;sell_strong:0;close:0.7179;timenow:2021-08-22T23:16:55Z,2021-08-22T23:16:55.000Z
261015134,"BINANCE:AXSUSDTPERP, 15m",ticker:AXSUSDTPERP;interval:15;buy:0;sell:0;buy_strong:1;sell_strong:0;close:76.53;timenow:2021-08-22T23:16:34Z,2021-08-22T23:16:34.000Z
261018342,"BINANCE:ICXUSDTPERP, 15m",ticker:ICXUSDTPERP;interval:15;buy:0;sell:0;buy_strong:1;sell_strong:0;close:1.4754;timenow:2021-08-22T23:16:26Z,2021-08-22T23:16:26.000Z
261018689,"BINANCE:IOTXUSDTPERP, 15m",ticker:IOTXUSDTPERP;interval:15;buy:0;sell:0;buy_strong:1;sell_strong:0;close:0.07902;timenow:2021-08-22T23:15:02Z,2021-08-22T23:15:02.000Z
261018942,"BINANCE:FLMUSDTPERP, 15m",ticker:FLMUSDTPERP;interval:15;buy:0;sell:0;buy_strong:1;sell_strong:0;close:0.718;timenow:2021-08-22T23:11:09Z,2021-08-22T23:11:09.000Z
261018689,"BINANCE:IOTXUSDTPERP, 15m",ticker:IOTXUSDTPERP;interval:15;buy:0;sell:0;buy_strong:1;sell_strong:0;close:0.07898;timenow:2021-08-22T23:10:03Z,2021-08-22T23:10:03.000Z
261019077,"BINANCE:ZILUSDTPERP, 15m",ticker:ZILUSDTPERP;interval:15;buy:0;sell:0;buy_strong:1;sell_strong:0;close:0.1098;timenow:2021-08-22T23:07:22Z,2021-08-22T23:07:22.000Z
261016908,"BINANCE:SNXUSDTPERP, 15m",ticker:SNXUSDTPERP;interval:15;buy:0;sell:0;buy_strong:1;sell_strong:0;close:13.374;timenow:2021-08-22T23:02:44Z,2021-08-22T23:02:44.000Z
261017549,"BINANCE:TRBUSDTPERP, 15m",ticker:TRBUSDTPERP;interval:15;buy:0;sell:0;buy_strong:1;sell_strong:0;close:60.75;timenow:2021-08-22T23:01:40Z,2021-08-22T23:01:40.000Z
261019117,"BINANCE:ZENUSDTPERP, 15m",ticker:ZENUSDTPERP;interval:15;buy:0;sell:0;buy_strong:1;sell_strong:0;close:74.804;timenow:2021-08-22T23:00:51Z,2021-08-22T23:00:51.000Z
261015443,"BINANCE:BNBUSDTPERP, 15m",ticker:BNBUSDTPERP;interval:15;buy:0;sell:0;buy_strong:1;sell_strong:0;close:447.31;timenow:2021-08-22T23:00:17Z,2021-08-22T23:00:17.000Z
261015484,"BINANCE:DOTUSDTPERP, 15m",ticker:DOTUSDTPERP;interval:15;buy:0;sell:0;buy_strong:1;sell_strong:0;close:27.494;timenow:2021-08-22T23:00:17Z,2021-08-22T23:00:17.000Z
261015908,"BINANCE:LTCUSDTPERP, 15m",ticker:LTCUSDTPERP;interval:15;buy:1;sell:0;buy_strong:0;sell_strong:0;close:183.51;timenow:2021-08-22T23:00:06Z,2021-08-22T23:00:06.000Z
261015134,"BINANCE:AXSUSDTPERP, 15m",ticker:AXSUSDTPERP;interval:15;buy:0;sell:0;buy_strong:1;sell_strong:0;close:76.57;timenow:2021-08-22T23:00:09Z,2021-08-22T23:00:09.000Z
261015392,"BINANCE:MATICUSDTPERP, 15m",ticker:MATICUSDTPERP;interval:15;buy:0;sell:0;buy_strong:1;sell_strong:0;close:1.6192;timenow:2021-08-22T23:00:01Z,2021-08-22T23:00:01.000Z
261018342,"BINANCE:ICXUSDTPERP, 15m",ticker:ICXUSDTPERP;interval:15;buy:0;sell:0;buy_strong:1;sell_strong:0;close:1.4757;timenow:2021-08-22T23:00:01Z,2021-08-22T23:00:01.000Z
261016998,"BINANCE:XLMUSDTPERP, 15m",ticker:XLMUSDTPERP;interval:15;buy:1;sell:0;buy_strong:0;sell_strong:0;close:0.36978;timenow:2021-08-22T23:00:00Z,2021-08-22T23:00:00.000Z
261015220,"BINANCE:AVAXUSDTPERP, 15m",ticker:AVAXUSDTPERP;interval:15;buy:0;sell:0;buy_strong:1;sell_strong:0;close:44.37;timenow:2021-08-22T22:55:05Z,2021-08-22T22:55:05.000Z
261019117,"BINANCE:ZENUSDTPERP, 15m",ticker:ZENUSDTPERP;interval:15;buy:0;sell:0;buy_strong:1;sell_strong:0;close:74.81;timenow:2021-08-22T22:54:54Z,2021-08-22T22:54:54.000Z
261018838,"BINANCE:MKRUSDTPERP, 15m",ticker:MKRUSDTPERP;interval:15;buy:0;sell:0;buy_strong:1;sell_strong:0;close:3782;timenow:2021-08-22T22:52:59Z,2021-08-22T22:52:59.000Z
261016865,"BINANCE:TRXUSDTPERP, 15m",ticker:TRXUSDTPERP;interval:15;buy:1;sell:0;buy_strong:0;sell_strong:0;close:0.08758;timenow:2021-08-22T22:52:49Z,2021-08-22T22:52:49.000Z
261015443,"BINANCE:BNBUSDTPERP, 15m",ticker:BNBUSDTPERP;interval:15;buy:1;sell:0;buy_strong:0;sell_strong:0;close:447.29;timenow:2021-08-22T22:52:48Z,2021-08-22T22:52:48.000Z
261015908,"BINANCE:LTCUSDTPERP, 15m",ticker:LTCUSDTPERP;interval:15;buy:1;sell:0;buy_strong:0;sell_strong:0;close:183.54;timenow:2021-08-22T22:52:44Z,2021-08-22T22:52:44.000Z
261015134,"BINANCE:AXSUSDTPERP, 15m",ticker:AXSUSDTPERP;interval:15;buy:0;sell:0;buy_strong:1;sell_strong:0;close:76.53;timenow:2021-08-22T22:52:29Z,2021-08-22T22:52:29.000Z
261016217,"BINANCE:THETAUSDTPERP, 15m",ticker:THETAUSDTPERP;interval:15;buy:0;sell:0;buy_strong:1;sell_strong:0;close:7.317;timenow:2021-08-22T22:52:29Z,2021-08-22T22:52:29.000Z
261015392,"BINANCE:MATICUSDTPERP, 15m",ticker:MATICUSDTPERP;interval:15;buy:0;sell:0;buy_strong:1;sell_strong:0;close:1.6194;timenow:2021-08-22T22:52:27Z,2021-08-22T22:52:27.000Z
261015267,"BINANCE:DOGEUSDTPERP, 15m",ticker:DOGEUSDTPERP;interval:15;buy:0;sell:0;buy_strong:1;sell_strong:0;close:0.31386;timenow:2021-08-22T22:52:18Z,2021-08-22T22:52:18.000Z
261016461,"BINANCE:AAVEUSDTPERP, 15m",ticker:AAVEUSDTPERP;interval:15;buy:0;sell:0;buy_strong:1;sell_strong:0;close:396.66;timenow:2021-08-22T22:52:11Z,2021-08-22T22:52:11.000Z
261018342,"BINANCE:ICXUSDTPERP, 15m",ticker:ICXUSDTPERP;interval:15;buy:0;sell:0;buy_strong:1;sell_strong:0;close:1.4752;timenow:2021-08-22T22:51:36Z,2021-08-22T22:51:36.000Z
261015185,"BINANCE:XRPUSDTPERP, 15m",ticker:XRPUSDTPERP;interval:15;buy:0;sell:0;buy_strong:1;sell_strong:0;close:1.2169;timenow:2021-08-22T22:48:42Z,2021-08-22T22:48:42.000Z
261015813,"BINANCE:SANDUSDTPERP, 15m",ticker:SANDUSDTPERP;interval:15;buy:0;sell:0;buy_strong:1;sell_strong:0;close:0.65267;timenow:2021-08-22T22:48:41Z,2021-08-22T22:48:41.000Z
261016998,"BINANCE:XLMUSDTPERP, 15m",ticker:XLMUSDTPERP;interval:15;buy:1;sell:0;buy_strong:0;sell_strong:0;close:0.36979;timenow:2021-08-22T22:47:12Z,2021-08-22T22:47:12.000Z
261016074,"BINANCE:TLMUSDTPERP, 15m",ticker:TLMUSDTPERP;interval:15;buy:0;sell:0;buy_strong:1;sell_strong:0;close:0.2877;timenow:2021-08-22T22:47:06Z,2021-08-22T22:47:06.000Z
261015986,"BINANCE:ICPUSDTPERP, 15m",ticker:ICPUSDTPERP;interval:15;buy:0;sell:0;buy_strong:1;sell_strong:0;close:64.25;timenow:2021-08-22T22:47:04Z,2021-08-22T22:47:04.000Z
261017549,"BINANCE:TRBUSDTPERP, 15m",ticker:TRBUSDTPERP;interval:15;buy:0;sell:0;buy_strong:1;sell_strong:0;close:60.76;timenow:2021-08-22T22:46:10Z,2021-08-22T22:46:10.000Z
261016768,"BINANCE:SRMUSDTPERP, 15m",ticker:SRMUSDTPERP;interval:15;buy:1;sell:0;buy_strong:0;sell_strong:0;close:7.447;timenow:2021-08-22T22:46:08Z,2021-08-22T22:46:08.000Z
261016601,"BINANCE:VETUSDTPERP, 15m",ticker:VETUSDTPERP;interval:15;buy:1;sell:0;buy_strong:0;sell_strong:0;close:0.12706;timenow:2021-08-22T22:46:05Z,2021-08-22T22:46:05.000Z
261016559,"BINANCE:SUSHIUSDTPERP, 15m",ticker:SUSHIUSDTPERP;interval:15;buy:0;sell:0;buy_strong:1;sell_strong:0;close:13.558;timenow:2021-08-22T22:46:03Z,2021-08-22T22:46:03.000Z
261015674,"BINANCE:LINKUSDTPERP, 15m",ticker:LINKUSDTPERP;interval:15;buy:1;sell:0;buy_strong:0;sell_strong:0;close:27.584;timenow:2021-08-22T22:45:59Z,2021-08-22T22:45:59.000Z
261018539,"BINANCE:BALUSDTPERP, 15m",ticker:BALUSDTPERP;interval:15;buy:0;sell:0;buy_strong:1;sell_strong:0;close:29.638;timenow:2021-08-22T22:45:59Z,2021-08-22T22:45:59.000Z
261016431,"BINANCE:UNIUSDTPERP, 15m",ticker:UNIUSDTPERP;interval:15;buy:1;sell:0;buy_strong:0;sell_strong:0;close:27.945;timenow:2021-08-22T22:45:59Z,2021-08-22T22:45:59.000Z
261018897,"BINANCE:EGLDUSDTPERP, 15m",ticker:EGLDUSDTPERP;interval:15;buy:1;sell:0;buy_strong:0;sell_strong:0;close:146.28;timenow:2021-08-22T22:45:59Z,2021-08-22T22:45:59.000Z
261015528,"BINANCE:ETCUSDTPERP, 15m",ticker:ETCUSDTPERP;interval:15;buy:0;sell:0;buy_strong:1;sell_strong:0;close:66.828;timenow:2021-08-22T22:45:58Z,2021-08-22T22:45:59.000Z
261019025,"BINANCE:NKNUSDTPERP, 15m",ticker:NKNUSDTPERP;interval:15;buy:0;sell:0;buy_strong:1;sell_strong:0;close:0.42308;timenow:2021-08-22T22:45:09Z,2021-08-22T22:45:09.000Z
261017626,"BINANCE:NEOUSDTPERP, 15m",ticker:NEOUSDTPERP;interval:15;buy:0;sell:0;buy_strong:1;sell_strong:0;close:55.007;timenow:2021-08-22T22:45:08Z,2021-08-22T22:45:08.000Z
261017805,"BINANCE:LINAUSDTPERP, 15m",ticker:LINAUSDTPERP;interval:15;buy:0;sell:0;buy_strong:1;sell_strong:0;close:0.06182;timenow:2021-08-22T22:41:59Z,2021-08-22T22:41:59.000Z
261017626,"BINANCE:NEOUSDTPERP, 15m",ticker:NEOUSDTPERP;interval:15;buy:0;sell:0;buy_strong:1;sell_strong:0;close:55.012;timenow:2021-08-22T22:40:01Z,2021-08-22T22:40:01.000Z
261015630,"BINANCE:EOSUSDTPERP, 15m",ticker:EOSUSDTPERP;interval:15;buy:1;sell:0;buy_strong:0;sell_strong:0;close:5.331;timenow:2021-08-22T22:39:35Z,2021-08-22T22:39:35.000Z
261017232,"BINANCE:QTUMUSDTPERP, 15m",ticker:QTUMUSDTPERP;interval:15;buy:0;sell:0;buy_strong:1;sell_strong:0;close:13.395;timenow:2021-08-22T22:37:43Z,2021-08-22T22:37:43.000Z
261017595,"BINANCE:XTZUSDTPERP, 15m",ticker:XTZUSDTPERP;interval:15;buy:1;sell:0;buy_strong:0;sell_strong:0;close:3.77;timenow:2021-08-22T22:36:38Z,2021-08-22T22:36:38.000Z
261017462,"BINANCE:OMGUSDTPERP, 15m",ticker:OMGUSDTPERP;interval:15;buy:0;sell:0;buy_strong:1;sell_strong:0;close:6.1956;timenow:2021-08-22T22:30:41Z,2021-08-22T22:30:41.000Z
261015002,"BINANCE:BTCUSDTPERP, 15m",ticker:BTCUSDTPERP;interval:15;buy:0;sell:0;buy_strong:1;sell_strong:0;close:48932.79;timenow:2021-08-22T22:30:35Z,2021-08-22T22:30:35.000Z
261016040,"BINANCE:BCHUSDTPERP, 15m",ticker:BCHUSDTPERP;interval:15;buy:1;sell:0;buy_strong:0;sell_strong:0;close:663.99;timenow:2021-08-22T22:30:20Z,2021-08-22T22:30:20.000Z
261015725,"BINANCE:FILUSDTPERP, 15m",ticker:FILUSDTPERP;interval:15;buy:0;sell:0;buy_strong:1;sell_strong:0;close:77.317;timenow:2021-08-22T22:27:02Z,2021-08-22T22:27:02.000Z
261019025,"BINANCE:NKNUSDTPERP, 15m",ticker:NKNUSDTPERP;interval:15;buy:0;sell:0;buy_strong:1;sell_strong:0;close:0.42313;timenow:2021-08-22T22:24:35Z,2021-08-22T22:24:35.000Z
261018075,"BINANCE:REEFUSDTPERP, 15m",ticker:REEFUSDTPERP;interval:15;buy:0;sell:0;buy_strong:1;sell_strong:0;close:0.025476;timenow:2021-08-22T22:21:10Z,2021-08-22T22:21:10.000Z
261017088,"BINANCE:KSMUSDTPERP, 15m",ticker:KSMUSDTPERP;interval:15;buy:1;sell:0;buy_strong:0;sell_strong:0;close:326.58;timenow:2021-08-22T22:19:02Z,2021-08-22T22:19:02.000Z
261015002,"BINANCE:BTCUSDTPERP, 15m",ticker:BTCUSDTPERP;interval:15;buy:0;sell:0;buy_strong:1;sell_strong:0;close:48933.24;timenow:2021-08-22T22:15:07Z,2021-08-22T22:15:09.000Z
261015528,"BINANCE:ETCUSDTPERP, 15m",ticker:ETCUSDTPERP;interval:15;buy:0;sell:0;buy_strong:1;sell_strong:0;close:66.8;timenow:2021-08-22T22:15:07Z,2021-08-22T22:15:08.000Z
261016040,"BINANCE:BCHUSDTPERP, 15m",ticker:BCHUSDTPERP;interval:15;buy:1;sell:0;buy_strong:0;sell_strong:0;close:664.08;timenow:2021-08-22T22:15:04Z,2021-08-22T22:15:04.000Z
261016502,"BINANCE:ENJUSDTPERP, 15m",ticker:ENJUSDTPERP;interval:15;buy:0;sell:0;buy_strong:1;sell_strong:0;close:1.826;timenow:2021-08-22T22:15:01Z,2021-08-22T22:15:01.000Z
261016502,"BINANCE:ENJUSDTPERP, 15m",ticker:ENJUSDTPERP;interval:15;buy:0;sell:0;buy_strong:1;sell_strong:0;close:1.826;timenow:2021-08-22T22:14:41Z,2021-08-22T22:14:41.000Z
261015036,"BINANCE:ETHUSDTPERP, 15m",ticker:ETHUSDTPERP;interval:15;buy:1;sell:0;buy_strong:0;sell_strong:0;close:3184.5;timenow:2021-08-22T22:03:17Z,2021-08-22T22:03:17.000Z
261018457,"BINANCE:UNFIUSDTPERP, 15m",ticker:UNFIUSDTPERP;interval:15;buy:0;sell:0;buy_strong:1;sell_strong:0;close:13.83;timenow:2021-08-22T22:02:03Z,2021-08-22T22:02:03.000Z
261018812,"BINANCE:ZRXUSDTPERP, 15m",ticker:ZRXUSDTPERP;interval:15;buy:0;sell:0;buy_strong:1;sell_strong:0;close:1.0933;timenow:2021-08-22T22:02:03Z,2021-08-22T22:02:03.000Z
261015083,"BINANCE:ADAUSDTPERP, 15m",ticker:ADAUSDTPERP;interval:15;buy:0;sell:0;buy_strong:1;sell_strong:0;close:2.6139;timenow:2021-08-22T22:01:59Z,2021-08-22T22:01:59.000Z
261018457,"BINANCE:UNFIUSDTPERP, 15m",ticker:UNFIUSDTPERP;interval:15;buy:0;sell:0;buy_strong:1;sell_strong:0;close:13.83;timenow:2021-08-22T21:58:48Z,2021-08-22T21:58:48.000Z
261015083,"BINANCE:ADAUSDTPERP, 15m",ticker:ADAUSDTPERP;interval:15;buy:0;sell:0;buy_strong:1;sell_strong:0;close:2.6143;timenow:2021-08-22T21:56:47Z,2021-08-22T21:56:47.000Z
261018075,"BINANCE:REEFUSDTPERP, 15m",ticker:REEFUSDTPERP;interval:15;buy:0;sell:0;buy_strong:1;sell_strong:0;close:0.025475;timenow:2021-08-22T21:56:29Z,2021-08-22T21:56:29.000Z
261017036,"BINANCE:CRVUSDTPERP, 15m",ticker:CRVUSDTPERP;interval:15;buy:0;sell:0;buy_strong:1;sell_strong:0;close:2.311;timenow:2021-08-22T21:56:03Z,2021-08-22T21:56:03.000Z
261018812,"BINANCE:ZRXUSDTPERP, 15m",ticker:ZRXUSDTPERP;interval:15;buy:0;sell:0;buy_strong:1;sell_strong:0;close:1.0927;timenow:2021-08-22T21:47:12Z,2021-08-22T21:47:12.000Z
261018734,"BINANCE:BELUSDTPERP, 15m",ticker:BELUSDTPERP;interval:15;buy:0;sell:0;buy_strong:1;sell_strong:0;close:2.4876;timenow:2021-08-22T21:31:39Z,2021-08-22T21:31:39.000Z
261018734,"BINANCE:BELUSDTPERP, 15m",ticker:BELUSDTPERP;interval:15;buy:0;sell:0;buy_strong:1;sell_strong:0;close:2.4889;timenow:2021-08-22T21:18:47Z,2021-08-22T21:18:47.000Z
261019390,"BINANCE:CVCUSDTPERP, 15m",ticker:CVCUSDTPERP;interval:15;buy:0;sell:0;buy_strong:0;sell_strong:1;close:0.35309;timenow:2021-08-22T21:06:31Z,2021-08-22T21:06:31.000Z
261017186,"BINANCE:SXPUSDTPERP, 15m",ticker:SXPUSDTPERP;interval:15;buy:1;sell:0;buy_strong:0;sell_strong:0;close:3.63;timenow:2021-08-22T20:32:09Z,2021-08-22T20:32:09.000Z
261017186,"BINANCE:SXPUSDTPERP, 15m",ticker:SXPUSDTPERP;interval:15;buy:1;sell:0;buy_strong:0;sell_strong:0;close:3.6266;timenow:2021-08-22T20:23:22Z,2021-08-22T20:23:22.000Z